"","AlignID","tmean","FoundIn","Name.1","MatchFactor.1","DB.Id.1","CAS.1","Formula.1"
"1",1,3.335,22,"1-Butanol, 2-methyl-, propanoate","97.00","346688","2438-20-2","C8H16O2"
"2",7,3.3352,22,"1-Butanol, 2-methyl-, propanoate","97.70","345851","2438-20-2","C8H16O2"
"3",8,3.3364,22,"9-Thiabicyclo[3.3.1]non-6-en-2-amine, N-methyl-, endo-","95.70","242439","62545-67-9","C9H15NS"
"4",13,3.3627,22,"4-[(2-Hydroxyethyl)(methyl)amino]-2-(prop-2-yn-1-yl)isothiazolidine 1,1-dioxide","94.70","242735","","C9H16N2O3S"
"5",5,3.3675,22,"Propanamide, N-ethyl-","95.02","316940","5129-72-6","C5H11NO"
"6",12,3.3798,22,"Propane, 1-isothiocyanato-","96.53","296490","628-30-8","C4H7NS"
"7",9,3.4175,22,"2-t-Butyl-5,5,6-trimethyl-[1,3]dioxan-4-one","90.30","242648","","C11H20O3"
"8",3,3.4505,22,"2-Methyl-1-(2-methyl-[1,3]dioxolan-2-yl)but-3-yn-2-ol","98.22"," 13681","","C9H14O3"
"9",2,3.4593,22,"4-O-Methyl-d-arabinose","95.86","273587","","C6H12O5"
"10",4,3.4645,22,"Acetic acid, [(aminocarbonyl)amino]oxo-","91.20"," 86631","585-05-7","C3H4N2O4"
"11",18,3.4702,22,"4-Methoxy-3-(trimehylsilyl)methyl-1-heptene","96.87","273273","","C12H26OSi"
"12",6,3.4705,22,"Acetic acid, [(aminocarbonyl)amino]oxo-","94.23"," 86631","585-05-7","C3H4N2O4"
"13",14,3.4727,22,"Ethanol, 2-(1-methylethoxy)-","97.46","278855","109-59-1","C5H12O2"
"14",24,3.4986,22,"Cyclopropanecarboxylic acid, 2-methylpentyl ester","93.97","239797","","C10H18O2"
"15",16,3.5184,22,"Acetaldehyde, tetramer","97.70","107761","108-62-3","C8H16O4"
"16",25,3.53,22,"Sulfur, pentafluoro(trifluoromethyl)-, (OC-6-21)-","98.60","239882","373-80-8","CF8S"
"17",23,3.5309,22,"3-Penten-2-one","99.35","237952","625-33-2","C5H8O"
"18",11,3.5364,22,"Acetic acid, [(aminocarbonyl)amino]oxo-","97.50"," 86631","585-05-7","C3H4N2O4"
"19",15,3.5573,22,"Acetic acid, [(aminocarbonyl)amino]oxo-","94.12"," 86631","585-05-7","C3H4N2O4"
"20",40,3.6732,22,"Furan, 2-methyl-","93.62","310541","534-22-5","C5H6O"
"21",34,3.6893,22,"3-Pentanol, 3-methyl-","96.90","307482","77-74-7","C6H14O"
"22",41,3.7166,22,"Benzenepropanoic acid, 4-hydroxy-.alpha.-phenyl-, methyl ester","96.14","  3807","","C16H16O3"
"23",42,3.717,22,"Ethanol, 2-[2-(2-mercaptoethoxy)ethoxy]-","83.92","234682","56282-36-1","C6H14O3S"
"24",35,3.7395,22,"4-O-Methyl-d-arabinose","94.86","273587","","C6H12O5"
"25",33,3.7416,22,"2,2-Dimethoxybutane","94.19","273172","3453-99-4","C6H14O2"
"26",36,3.757,22,"4-O-Methyl-d-arabinose","94.95","273587","","C6H12O5"
"27",45,3.877,22,"Propanoyl chloride, 2,2-dichloro-","94.96","291588","26073-26-7","C3H3Cl3O"
"28",43,3.9059,22,"Ethane, 1,1,2-trichloro-","97.38","314824","79-00-5","C2H3Cl3"
"29",49,3.9286,22,"Ethanol, 2-[(2-aminoethyl)amino]-","99.48","256524","111-41-1","C4H12N2O"
"30",50,3.9316,22,"Butane, 1-methoxy-","98.24","343704","628-28-4","C5H12O"
"31",53,3.9536,22,"2-Butenal, 2-methyl-","98.82","345206","1115-11-3","C5H8O"
"32",55,3.967,22,"Dithiocarbamic acid, N,N-dimethyl-, S-(1-piperidinyl) ester","96.08","274168","66232-66-4","C8H16N2S2"
"33",52,3.9764,22,"3-(Methylthio)propyl 2-methylbutanoate","97.57","273987","","C9H18O2S"
"34",60,3.9836,22,"2-Butanol, 3-methyl-, (S)-","97.87","106690","1517-66-4","C5H12O"
"35",54,3.9852,22,"Heptanoic acid, 2-methyl-, methyl ester","86.28","273978","51209-78-0","C9H18O2"
"36",58,3.9916,22,"5-(Methylthio)-2-phenylpent-4-en-2-ol","82.04"," 33553","97369-72-7","C12H16OS"
"37",62,3.9955,22,"Tetramethyl silicate","97.27","321553","681-84-5","C4H12O4Si"
"38",71,4.1459,22,"2-Amino-2-ethyl-1,3-propanediol","96.61","312072","115-70-8","C5H13NO2"
"39",84,4.1482,22,"Isocrotonic acid","96.36","270962","503-64-0","C4H6O2"
"40",70,4.1493,22,"Butanoic acid, ethyl ester","98.43","306702","105-54-4","C6H12O2"
"41",74,4.1498,22,"Isovaline, 3-methyl-","89.62","274171","4378-19-2","C6H13NO2"
"42",72,4.1502,22,"Butanoic acid, ethyl ester","95.29","306702","105-54-4","C6H12O2"
"43",76,4.1516,22,"Butanoic acid, ethyl ester","97.24","328931","105-54-4","C6H12O2"
"44",79,4.1536,22,"Methyl 4-O-acetyl-2,3-di-O-methyl-6-deoxy-.alpha.-D-mannopyranoside","95.86","273866","72945-56-3","C11H20O6"
"45",80,4.1557,22,"Butanoic acid, ethyl ester","95.85","306702","105-54-4","C6H12O2"
"46",73,4.1648,22,"Aspartylglycine ethyl ester","96.18","274044","62541-02-0","C8H14N2O5"
"47",77,4.1814,22,"2,2-Dimethylvaleric acid","92.38"," 12510","1185-39-3","C7H14O2"
"48",75,4.1975,22,"Succinic acid, 3-methylbut-2-yl 3,3-dimethylbut-2-yl ester","90.01","270283","","C15H28O4"
"49",69,4.2157,22,"(1-Methoxy-pentyl)-cyclopropane","97.59","269893","94883-96-2","C9H18O"
"50",68,4.2168,22,"2-Butene, 1,1-dimethoxy-","99.66","269897","21962-24-3","C6H12O2"
"51",85,4.2695,22,"Acetic acid, nitro-, methyl ester","99.15","246990","2483-57-0","C3H5NO4"
"52",88,4.3016,22,"Butanoic acid, ethyl ester","98.88","306703","105-54-4","C6H12O2"
"53",87,4.302,22,"Butanoic acid, ethyl ester","99.78","306703","105-54-4","C6H12O2"
"54",89,4.3041,22,"N-Vinylformamide","99.36","254440","13162-05-5","C3H5NO"
"55",86,4.3123,22,"1,2-Hydrazinedicarboxaldehyde","99.18","347092","628-36-4","C2H4N2O2"
"56",90,4.377,22,"1,4-Cyclohexanediol, diacetate, trans-","87.57","331193","6289-83-4","C10H16O4"
"57",91,4.4009,22,"Acetic acid, 4-hydroxy-cyclohexyl ester","83.73","262680","","C8H14O3"
"58",95,4.4011,22,"Ethyl formate","99.07","345990","109-94-4","C3H6O2"
"59",97,4.4011,22,"Methyl formate","95.90"," 89001","107-31-3","C2H4O2"
"60",100,4.4318,22,"2-Hexene, 2,5,5-trimethyl-","98.67","208901","40467-04-7","C9H18"
"61",101,4.4327,22,"2-Hexene, 3,5,5-trimethyl-","98.27","208902","26456-76-8","C9H18"
"62",103,4.443,22,"Cyclodecanamine, N-methyl-","97.08","242381","80789-66-8","C11H23N"
"63",93,4.5136,22,"1-Butanol","99.81","345423","71-36-3","C4H10O"
"64",96,4.5143,22,"Ethanol, 2-[(2-aminoethyl)amino]-","99.47","256524","111-41-1","C4H12N2O"
"65",94,4.5198,22,"1,4-Dioxane-2,5-dione, 3,6-dimethyl-, (3S-cis)-","99.72","168328","4511-42-6","C6H8O4"
"66",105,4.5989,22,"2-Hexene, 2,5,5-trimethyl-","97.03","208901","40467-04-7","C9H18"
"67",110,4.6009,22,"1-Butanol, 2-methyl-, propanoate","93.45","346688","2438-20-2","C8H16O2"
"68",112,4.617,22,"3-Methyl-l-valine","94.02","257368","20859-02-3","C6H13NO2"
"69",107,4.6316,22,"Aldicarb sulfoxide","93.86","270964","1646-87-3","C7H14N2O3S"
"70",111,4.6323,22,"DL-Isoleucine","90.77","271829","443-79-8","C6H13NO2"
"71",104,4.6475,22,"Isocrotonic acid","99.65","270962","503-64-0","C4H6O2"
"72",106,4.6605,22,"2-Propenoic acid, 2-methyl-","97.99","311169","79-41-4","C4H6O2"
"73",120,4.7275,22,"Propanoic acid, 2-methyl-, hexyl ester","79.14"," 14791","2349-07-7","C10H20O2"
"74",119,4.7361,22,"3,3-Dimethoxy-2-butanone","92.82"," 15802","21983-72-2","C6H12O3"
"75",121,4.7366,22,"3,3-Dimethoxy-2-butanone","96.62","333406","21983-72-2","C6H12O3"
"76",128,4.9702,22,"Phenol, 4-(methoxymethyl)-","89.11","318074","5355-17-9","C8H10O2"
"77",127,4.9709,22,"1-Propanol, 2-(1-methylethoxy)-","98.86","113361","3944-37-4","C6H14O2"
"78",126,4.9723,22,"Propanoic acid, 3-bromo-, methyl ester","84.72","311856","3395-91-3","C4H7BrO2"
"79",129,4.9805,22,"2-[(2RS)-2-(2-Hydroxyethoxy)propyl]-2-methyl-1,3-dioxolane","97.43","273120","102275-52-5","C9H18O4"
"80",135,5.0186,22,"3,3-Dimethoxy-2-butanone","97.42"," 15802","21983-72-2","C6H12O3"
"81",133,5.0268,22,"3,3-Dimethoxy-2-butanone","97.84"," 15802","21983-72-2","C6H12O3"
"82",134,5.035,22,"3,3-Dimethoxy-2-butanone","97.41"," 15802","21983-72-2","C6H12O3"
"83",137,5.0686,22,"Mannopyranose, 6-deoxy-2,3,4-tri-O-methyl-, l-","92.74","297527","14187-51-0","C9H18O5"
"84",138,5.0789,22,"Triethyl borate","84.27","112214","150-46-9","C6H15BO3"
"85",136,5.0884,22,"3,3-Dimethoxy-2-butanone","98.39","333406","21983-72-2","C6H12O3"
"86",132,5.0902,22,"3,3-Dimethoxy-2-butanone","99.37"," 15802","21983-72-2","C6H12O3"
"87",141,5.11,22,"4-Hexen-2-one, 3-methyl-","97.04","269975","72189-24-3","C7H12O"
"88",167,5.1482,22,"Butanoic acid, 2-methyl-, ethyl ester","95.12","346969","7452-79-1","C7H14O2"
"89",146,5.1491,22,"Butanoic acid, 2-methyl-, ethyl ester","99.80","183689","7452-79-1","C7H14O2"
"90",151,5.1782,22,"Carbamic acid, N-(3-iodopropyl)-, 1,1-dimethylethyl ester","97.07","223365","167479-01-8","C8H16INO2"
"91",182,5.1798,22,"Ethane, 1,1,1,2-tetrachloro-","99.58","323751","630-20-6","C2H2Cl4"
"92",159,5.1907,22,"Carbamic acid, N-(3-iodopropyl)-, 1,1-dimethylethyl ester","84.67","223365","167479-01-8","C8H16INO2"
"93",148,5.225,22,"Propane, 1,1-diethoxy-2-methyl-","93.97","299766","1741-41-9","C8H18O2"
"94",156,5.2325,22,"2-Propanol, 1-(2-butoxy-1-methylethoxy)-","92.02","233540","29911-28-2","C10H22O3"
"95",153,5.2459,22,"Pentanoic acid, ethyl ester","89.81","311997","539-82-2","C7H14O2"
"96",161,5.2591,22,"N-Benzylaminoacetaldehyde diethyl acetal","86.17","275884","61190-10-1","C13H21NO2"
"97",157,5.2598,22,"o-Benzyl-l-serine methyl ester","93.67","274190","46460-82-6","C11H15NO3"
"98",150,5.2716,22,"Ethyl 2-(benzylamino)-2-(2-chloroacetamido)-3,3,3-trifluoropropionate","98.59","278273","339352-59-9","C14H16ClF3N2O3"
"99",172,5.2727,22,"N-Benzyl-N-[1-methyl-2-(2-phenyl-[1,3]dithian-2-yl)-ethyl]-4-toluensulfonamide","94.68","277965","","C27H31NO2S3"
"100",160,5.277,22,"4,6-Octadiyn-3-one, 2-methyl-","98.08","278268","29743-33-7","C9H10O"
"101",155,5.287,22,"Piperidin-2-one, 6-(4-benzyloxy-3-methoxyphenyl)-5-nitro-","93.33","277900","","C19H20N2O5"
"102",147,5.4134,22,"Ethylbenzene","99.37","312819","100-41-4","C8H10"
"103",144,5.4139,22,"Ethylbenzene","99.76","312819","100-41-4","C8H10"
"104",152,5.4268,22,"o-Xylene","99.23","312843","95-47-6","C8H10"
"105",164,5.475,22,"(3-Methylphenyl) methanol, 3-methylbutyl ether","92.08","305215","","C13H20O"
"106",187,5.4818,22,"Benzoic acid, 4-(dimethoxymethyl)-, methyl ester","92.90","332356","42228-16-0","C11H14O4"
"107",145,5.5684,22,"Ethylbenzene","99.46","312819","100-41-4","C8H10"
"108",143,5.5702,22,"o-Xylene","99.55","312843","95-47-6","C8H10"
"109",162,5.5761,22,"Ethylbenzene","99.60","312818","100-41-4","C8H10"
"110",149,5.6811,22,"Ethylbenzene","98.92","312818","100-41-4","C8H10"
"111",165,5.6868,22,"Butanamide, 3-hydroxy-3-methyl-N-benzyloxy-","97.68","276076","","C12H17NO3"
"112",171,5.6868,22,"Ethylbenzene","95.49","312818","100-41-4","C8H10"
"113",158,5.6895,22,"Ethylbenzene","95.95","312818","100-41-4","C8H10"
"114",190,5.8007,22,"1,5-Dicyano-2,4-dimethyl-2,4-diazapentane","97.82","266049","","C7H12N4"
"115",193,5.828,22,"Ethanamine, 1-(3, 4-dimethoxyphenyl)-N-methyl-N-[2-(4-morpholyl)ethyl]-","83.13"," 56151","","C17H28N2O3"
"116",191,5.8293,22,"Silane, (2-methoxyphenyl)trimethyl-","88.29"," 56168","704-43-8","C10H16OSi"
"117",196,5.8695,22,"Cyclohexylmethylsilane","97.58","210431","2096-99-3","C7H16Si"
"118",202,5.8791,22,"Carbamic acid, phenyl ester","90.09","287137","622-46-8","C7H7NO2"
"119",201,5.8798,22,"Diethyl sulfone","92.83","235361","597-35-3","C4H10O2S"
"120",198,5.9414,22,"3(2H)-Pyridazinone","98.45","289844","504-30-3","C4H4N2O"
"121",194,5.9418,22,"4-Cyclopentene-1,3-dione","97.70","314648","930-60-9","C5H4O2"
"122",195,5.9552,22,"Cyclohexylmethylsilane","98.04","210431","2096-99-3","C7H16Si"
"123",199,5.9552,22,"Cyclohexylmethylsilane","94.57","210431","2096-99-3","C7H16Si"
"124",204,6.0289,22,"Ethylbenzene","99.35","312818","100-41-4","C8H10"
"125",209,6.0373,22,"Ethylbenzene","98.79","312818","100-41-4","C8H10"
"126",207,6.0448,22,"Guanidine, 2-benzyl-1,3-dimethyl-","89.86","276883","55-73-2","C10H15N3"
"127",203,6.0748,22,"Ethylbenzene","99.49","312818","100-41-4","C8H10"
"128",214,6.0884,22,"2-Butenal, 2-ethenyl-","95.62","233314","20521-42-0","C6H8O"
"129",205,6.0943,22,"Ethylbenzene","99.11","312818","100-41-4","C8H10"
"130",206,6.1611,22,"Ethylbenzene","95.09","312818","100-41-4","C8H10"
"131",208,6.1739,22,"Carbamic acid, N-methyl-N-undecyl-, 2-benzyloxyethyl ester","87.96","277383","","C22H37NO3"
"132",220,6.1916,22,"Pentanoic acid, ethyl ester","99.18","311998","539-82-2","C7H14O2"
"133",222,6.1941,22,"Pentanoic acid, ethyl ester","98.51","311997","539-82-2","C7H14O2"
"134",223,6.2591,22,"Butanoic acid, 2-methyl-, methyl ester","97.08","312053","868-57-5","C6H12O2"
"135",224,6.2809,22,"Oxime-, methoxy-phenyl-_","97.18"," 50989","","C8H9NO2"
"136",218,6.2825,22,"Oxime-, methoxy-phenyl-_","96.37"," 50989","","C8H9NO2"
"137",226,6.2884,22,"Dimethylmalonic acid, hexadecyl 2-methylpent-3-yl ester","84.01"," 49950","","C27H52O4"
"138",219,6.2936,22,"Pentanoic acid, ethyl ester","99.11","311997","539-82-2","C7H14O2"
"139",221,6.2943,22,"Pentanoic acid, ethyl ester","90.68","311997","539-82-2","C7H14O2"
"140",227,6.2957,22,"3-(Methylthio)propyl pentanoate","94.59","274110","","C9H18O2S"
"141",232,6.402,22,"1H-1,2,4-Triazole","99.34","306073","288-88-0","C2H3N3"
"142",234,6.4443,22,"3-Butoxy-1,2-propanediol","98.59","206768","624-52-2","C7H16O3"
"143",236,6.4536,22,"Butanoic acid, 3-methyl-, ethyl ester","96.71","312082","108-64-5","C7H14O2"
"144",238,6.46,22,"Methyl-4-deoxy-2,3-di-O-methyl.beta.l-threo-hex-4-enopyranosid uronate","98.73","274112","","C9H14O6"
"145",235,6.477,22,"Propane, 2-ethoxy-","99.09","343905","625-54-7","C5H12O"
"146",237,6.5143,22,"Acetic acid, nitro-, methyl ester","92.84","307354","2483-57-0","C3H5NO4"
"147",245,6.6141,22,"bis(Pinacolato)diboron","92.17","268164","73183-34-3","C12H24B2O4"
"148",242,6.6198,22,"Cyclopentane, 1,2,3,4,5-pentamethyl-","93.73","268634","","C10H20"
"149",241,6.6218,22,"2(5H)-Furanone","98.75","156105","497-23-4","C4H4O2"
"150",243,6.6236,22,"2(5H)-Furanone","99.61","345209","497-23-4","C4H4O2"
"151",246,6.6375,22,"2(5H)-Furanone, 5-(1-methylethyl)-","98.98","268317","56767-19-2","C7H10O2"
"152",256,6.7411,22,"3-Butene-1,2-diol, 1-(2-furanyl)-","98.68","290822","19261-13-3","C8H10O3"
"153",254,6.7423,22,"Thiophene, 2-hexyl-","99.09","314853","18794-77-9","C10H16S"
"154",251,6.7577,22,"4-Hepten-3-one, 2,6-dimethyl-","98.80","290748","56259-14-4","C9H16O"
"155",253,6.7591,22,"Bis(4-methylcyclohexyl) methylphosphonate","98.15","290892","","C15H29O3P"
"156",252,6.7605,22,"3-[(2-Cyanoethyl)(methyl)amino]propanenitrile","94.85","290881","1555-58-4","C7H11N3"
"157",268,6.763,22,"Acetamide, N-2-propynyl-","95.53","344708","65881-41-6","C5H7NO"
"158",257,6.7702,22,"2-Pyrazoline, 1-butyl-5-methyl-","91.52","291263","22581-50-6","C8H16N2"
"159",262,6.8043,22,"4-(4,4-Dimethyl-2,5-dioxo-imidazolidin-1-yl)-2-triflouromethyl-benzonitrile","90.62","252316","","C13H10F3N3O2"
"160",258,6.8045,22,"1-Dodecanone, 1-cyclopropyl-","83.97","268628","19873-44-0","C15H28O"
"161",255,6.8061,22,"2-Ethylbutyl propionate","86.06","216547","90677-00-2","C9H18O2"
"162",260,6.8143,22,"3-Amino-s-triazole","94.93","311037","61-82-5","C2H4N4"
"163",277,6.8673,22,"4-Hydroxy-3,5,5-trimethylcyclohex-2-enone","93.60","293083","14203-59-9","C9H14O2"
"164",273,6.8698,22,"1-Pyridineacetic acid, hexahydro-","98.98","292067","","C7H13NO2"
"165",276,6.8707,22,"Pyrrolid-2-one-5-carboxylic acid, N-methyl-, ethyl ester","99.04","292250","","C8H13NO3"
"166",289,6.8759,22,"1-Butanol, 2,3-dimethyl-","90.31","302219","19550-30-2","C6H14O"
"167",279,6.8805,22,"4-Methoxy-6-[2-(trifluoromethyl)phenyl]-5,6-dihydro-pyran-2-one","95.37","292610","","C13H11F3O3"
"168",275,6.9414,22,"2-Cyclohexen-1-one","98.46","236920","930-68-7","C6H8O"
"169",293,6.9541,22,"Isobutyl (3-(methylthio)propyl) carbonate","96.05","274101","","C9H18O3S"
"170",294,6.9591,22,"Acetic acid, methoxy-, ethyl ester","97.85","113377","3938-96-3","C5H10O3"
"171",295,6.9623,22,"Acetic acid, methoxy-, ethyl ester","95.87","343958","3938-96-3","C5H10O3"
"172",278,7.053,22,"Boron trifluoride","98.37","121102","7637-07-2","BF3"
"173",271,7.0941,22,"2-Cyclohexen-1-one","99.88","305703","930-68-7","C6H8O"
"174",272,7.1016,22,"2-Cyclohexen-1-one","99.03","236920","930-68-7","C6H8O"
"175",274,7.1227,22,"Boron trifluoride","99.19","121102","7637-07-2","BF3"
"176",324,7.3036,22,"1,3-Cyclobutanedione, 2,2,4,4-tetramethyl-","97.97","241886","933-52-8","C8H12O2"
"177",302,7.307,22,"Pentane, 3-ethyl-","98.25","303394","617-78-7","C7H16"
"178",326,7.3091,22,"Diglycolic acid, di(3-methylbutyl) ester","96.96","303375","","C14H26O5"
"179",300,7.3127,22,"Diisoamyl ether","97.43","327796","544-01-4","C10H22O"
"180",309,7.357,22,"Isoamyl laurate","95.62","306579","6309-51-9","C17H34O2"
"181",315,7.378,22,"Cyclohexane, (1,2,2-trimethylbutyl)-","96.96","242527","61142-21-0","C13H26"
"182",305,7.3884,22,"Bicyclo[2.2.2]octan-1-ol","91.26","242688","20534-58-1","C8H14O"
"183",308,7.3939,22,"1-Methylpyrazol-4-amine","96.79","255605","69843-13-6","C4H7N3"
"184",303,7.4066,22,"Bicyclo[3.2.0]heptan-2-one, 6-hydroxy-5-methyl-6-vinyl-","98.89","290719","1005276-66-3","C10H14O2"
"185",322,7.442,22,"(2-Hydroxy-3-methoxy-phenyl)-(3,5,5-trimethyl-4,5-dihydro-pyrazol-1-yl)-acetonitrile","97.12","291647","","C15H19N3O2"
"186",320,7.4436,22,"Methacrolein","97.24","348266","78-85-3","C4H6O"
"187",328,7.4532,22,"6-(4-Methyl-piperazin-1-yl)-3-pentafluoroethyl-[1,2,4]triazolo[3,4-a]phthalazine","92.07","242694","","C16H15F5N6"
"188",318,7.4686,22,"Cyclohexane, 1-bromo-4-methyl-","96.54","314770","6294-40-2","C7H13Br"
"189",311,7.478,22,"Bis(4-methylcyclohexyl) methylphosphonate","98.81","290892","","C15H29O3P"
"190",313,7.502,22,"1-Methylpyrazol-4-amine","93.14","255605","69843-13-6","C4H7N3"
"191",319,7.507,22,"2-Fluoropyridine","96.67","314805","372-48-5","C5H4FN"
"192",310,7.5098,22,"Cyclohexane, (3,3-dimethylpentyl)-","89.82","243691","61142-22-1","C13H26"
"193",306,7.5289,22,"Pentane, 3-ethyl-","98.46","303394","617-78-7","C7H16"
"194",321,7.532,22,"1-Butanol, 3-methyl-, carbonate (2","97.80","242522","2050-95-5","C11H22O3"
"195",316,7.5509,22,"1,2,5-Oxadiazole","98.48","144139","288-37-9","C2H2N2O"
"196",307,7.5548,22,"Methoxyacetonitrile","98.89","348233","1738-36-9","C3H5NO"
"197",304,7.5684,22,"2H-Pyran-2,6(3H)-dione, dihydro-","99.02","314459","108-55-4","C5H6O3"
"198",314,7.5945,22,"Methoxyacetonitrile","95.01","348233","1738-36-9","C3H5NO"
"199",301,7.6009,22,"Carbonic acid, dipentyl ester","98.86","243829","2050-94-4","C11H22O3"
"200",312,7.61,22,"Bisphenol AF, bis(2-methylpropionate)","98.96","303386","","C23H22F6O4"
"201",325,7.6259,22,"2,2'-Bifuran, octahydro-","95.66","243820","1592-33-2","C8H14O2"
"202",341,7.8341,22,"Benzaldehyde","99.79","309500","100-52-7","C7H6O"
"203",342,7.8348,22,"N-(Acetoxyacetyl)-N-butylbenzamide","96.33","302202","","C15H19NO4"
"204",346,7.9134,22,"Cyclohexane, (bromomethyl)-","95.70","290970","2550-36-9","C7H13Br"
"205",344,7.9161,22,"Cyclohexane, (bromomethyl)-","95.67","290970","2550-36-9","C7H13Br"
"206",347,7.9852,22,"Propanedinitrile, cyclohexyl(2-methylcyclohexyl)-","94.88","158345","74764-55-9","C16H24N2"
"207",345,7.9877,22,"Cyclohexane, (bromomethyl)-","97.05","290970","2550-36-9","C7H13Br"
"208",351,8.0002,22,"Propanedioic acid, methyl-, dimethyl ester","96.19","348310","609-02-9","C6H10O4"
"209",353,8.0511,22,"2,2,4-Trimethyl-3-pentanone","97.30","194727","5857-36-3","C8H16O"
"210",352,8.0666,22,"1-Hexen-3-ol","99.19","182586","4798-44-1","C6H12O"
"211",356,8.1825,22,"1-Hexen-3-ol","98.93","182586","4798-44-1","C6H12O"
"212",359,8.2252,22,"Furyl hydroxymethyl ketone","99.41","289150","17678-19-2","C6H6O3"
"213",360,8.2273,22,"Furyl hydroxymethyl ketone","98.98","289150","17678-19-2","C6H6O3"
"214",358,8.2511,22,"2-Ethylhexyl nitrate","98.41","194735","27247-96-7","C8H17NO3"
"215",354,8.3048,22,"1-Octen-3-ol","99.47","346784","3391-86-4","C8H16O"
"216",355,8.3052,22,"Acetic acid, cyano-, 1,1-dimethylethyl ester","97.64","348049","1116-98-9","C7H11NO2"
"217",363,8.3143,22,"Butanoic acid, 2-cyano-3-methyl-, ethyl ester","97.90","237354","3213-49-8","C8H13NO2"
"218",364,8.3145,22,"2,5-Furandione, dihydro-3-methylene-","97.59","144133","2170-03-8","C5H4O3"
"219",357,8.3223,22,"Acetic acid, cyano-, 1,1-dimethylethyl ester","94.31","348049","1116-98-9","C7H11NO2"
"220",366,8.3682,22,"2-Trichloroacetylpyrrolidine","98.84","314069","35302-72-8","C6H4Cl3NO"
"221",371,8.382,22,"2-Butyn-1-al diethyl acetal","98.55","306293","2806-97-5","C8H14O2"
"222",370,8.4091,22,"7-Ethyl-2-undecen-6-one","96.60","239215","","C13H24O"
"223",376,8.4745,22,"(5-Amino-1H-1,2,4-triazol-3-yl)methanol","88.87","319526","27277-03-8","C3H6N4O"
"224",375,8.475,22,"3-Hexenoic acid, (E)-","90.28","306799","1577-18-0","C6H10O2"
"225",377,8.4882,22,"2H-[1,2,3]Triazole, 4-nitro-","97.92"," 13844","14544-45-7","C2H2N4O2"
"226",381,8.532,22,"3-Piperidinamine, 1-ethyl-","91.34","307205","6789-94-2","C7H16N2"
"227",382,8.547,22,"Acetamide, N-(2-hydroxyethyl)-","95.50","316774","142-26-7","C4H9NO2"
"228",383,8.6334,22,"2-(Cyclohexyloxy)acetic acid","93.80","293907","71995-54-5","C8H14O3"
"229",392,8.7643,22,"Nonane, 2,2,4,4,6,8,8-heptamethyl-","98.74","208950","4390-04-9","C16H34"
"230",389,8.7661,22,"Octane, 2,4,6-trimethyl-","99.29","198054","62016-37-9","C11H24"
"231",395,8.7693,22,"Nonane, 2-methyl-","98.29","324482","871-83-0","C10H22"
"232",387,8.7723,22,"Octane, 2,4,6-trimethyl-","99.24","198054","62016-37-9","C11H24"
"233",391,8.8127,22,"3-Butoxy-1,1,1,5,5,5-hexamethyl-3-(trimethylsiloxy)trisiloxane","94.76","214280","87867-97-8","C13H36O4Si4"
"234",394,8.8245,22,"3-Butoxy-1,1,1,5,5,5-hexamethyl-3-(trimethylsiloxy)trisiloxane","90.11","214280","87867-97-8","C13H36O4Si4"
"235",390,8.8493,22,"Octane, 2,4,6-trimethyl-","99.24","198054","62016-37-9","C11H24"
"236",388,8.85,22,"Undecane, 3,5-dimethyl-","99.35","197993","17312-81-1","C13H28"
"237",393,8.8511,22,"3-Hexanone, 2,4-dimethyl-","98.44","194708","18641-70-8","C8H16O"
"238",399,9.0845,22,"2-Pentynoic acid ethyl ester","92.75","263232","55314-57-3","C7H10O2"
"239",400,9.0916,22,"1,5-Hexadiene, 2-methyl-","93.67","310253","4049-81-4","C7H12"
"240",410,9.1225,22,"2H-Pyran, 2,2'-[1,6-hexanediylbis(oxy)]bis[tetrahydro-","95.15","269604","15057-15-5","C16H30O4"
"241",406,9.1498,22,"Malonic acid, di(3-methylpent-2-yl) ester","97.92","269740","","C15H28O4"
"242",404,9.1659,22,"5-Oxotetrahydrofuran-2-carboxylic acid","98.36","311351","4344-84-7","C5H6O4"
"243",411,9.2243,22,"Succinic acid, 2-methylpent-3-yl oct-1-en-3-yl ester","83.32","270599","","C18H32O4"
"244",407,9.2302,22,"Butane, 2-bromo-2,3-dimethyl-","94.84","269676","594-52-5","C6H13Br"
"245",408,9.2302,22,"(Z)-6-Methyl-2-(nonadec-10-en-1-yl)-2H-pyran-4(3H)-one","90.47"," 10156","243118-18-5","C25H44O2"
"246",405,9.2332,22,"Pentane, 2-bromo-4-methyl-","96.97","332278","30310-22-6","C6H13Br"
"247",409,9.2457,22,"Pentane, 2-bromo-4-methyl-","94.97","332278","30310-22-6","C6H13Br"
"248",419,9.297,22,"2-Chlorocyclohexanol","97.36","210389","1561-86-0","C6H11ClO"
"249",420,9.2993,22,"2-Chlorocyclohexanol","95.95","210389","1561-86-0","C6H11ClO"
"250",423,9.3577,22,"(1R,5S)-rel-3-Ethyl-2,4-dioxa-3-phosphabicyclo[3.3.1]nonane 3-oxide","94.42"," 10089","","C8H15O3P"
"251",422,9.3598,22,"(1R,5S)-rel-3-Ethyl-2,4-dioxa-3-phosphabicyclo[3.3.1]nonane 3-oxide","93.05"," 10089","","C8H15O3P"
"252",424,9.3684,22,"Silane, trimethyl(methylenecyclopropyl)-","90.04","249489","97778-10-4","C7H14Si"
"253",428,9.4193,22,"Valeric acid, 2-tetradecyl ester","90.90","270080","55193-14-1","C19H38O2"
"254",429,9.4202,22,"Valeric acid, 2-pentadecyl ester","89.65","232225","","C20H40O2"
"255",430,9.4232,22,"2-Chlorocyclohexanol","94.98","346811","1561-86-0","C6H11ClO"
"256",431,9.4345,22,"2-Chlorocyclohexanol","96.34","210389","1561-86-0","C6H11ClO"
"257",435,9.5827,22,"2-Chlorocyclohexanol","99.34","210389","1561-86-0","C6H11ClO"
"258",436,9.5855,22,"2-Chlorocyclohexanol","99.03","346811","1561-86-0","C6H11ClO"
"259",439,9.6045,22,"1,4-Cyclohexanediol, diacetate, cis-","96.55","262684","42742-00-7","C10H16O4"
"260",440,9.6866,22,"1,4-Cyclohex-2-enedione","96.04","130921","4505-38-8","C6H6O2"
"261",441,9.6886,22,"1,4-Cyclohex-2-enedione","94.31","130921","4505-38-8","C6H6O2"
"262",446,9.7936,22,"Sorbic Acid","86.39","314794","110-44-1","C6H8O2"
"263",449,9.7939,22,"7-Oxabicyclo[4.1.0]heptan-2-ol","95.81","208894","1192-78-5","C6H10O2"
"264",448,9.7941,22,"1,2,3-Cyclohexanetriol","95.81","242403","6286-43-7","C6H12O3"
"265",447,9.7941,22,"Sorbic Acid","94.97","314794","110-44-1","C6H8O2"
"266",453,9.8305,22,"1-Hydroxy-3-methyl-2-butanone","97.50","302249","36960-22-2","C5H10O2"
"267",452,9.8323,22,"Oxirane, 3-hydroxypropyl-","99.06","243622","21915-56-0","C5H10O2"
"268",451,9.8336,22,"Furan, 2-butyltetrahydro-","98.79","243576","1004-29-1","C8H16O"
"269",455,9.8491,22,"Benzyl alcohol","98.11","309940","100-51-6","C7H8O"
"270",456,9.8495,22,"Benzyl alcohol","96.17","309940","100-51-6","C7H8O"
"271",458,9.9016,22,"2(3H)-Furanone, dihydro-3-methylene-","99.02","305486","547-65-9","C5H6O2"
"272",459,9.9023,22,"2H-Pyran-2-one, 5,6-dihydro-","98.86","305481","3393-45-1","C5H6O2"
"273",460,9.9245,22,"2H-Pyran-2-one, 5,6-dihydro-","98.94","305481","3393-45-1","C5H6O2"
"274",472,10.1332,22,"Cyclopentanecarboxamide, N-(2-phenylethyl)-N-heptyl-","93.17"," 43112","","C21H33NO"
"275",475,10.1352,22,"Ethyl 4-methylpentan-2-yl carbonate","94.77","111026","","C9H18O3"
"276",471,10.1384,22,"Tridemorph","96.02"," 43000","24602-86-6","C19H39NO"
"277",473,10.1441,22,"D-Alanine, N-allyloxycarbonyl-, hexadecyl ester","97.15"," 42881","","C23H43NO4"
"278",479,10.2686,22,"4-(7-Methyloctyl)phenol, TMS derivative","91.37","151009","","C18H32OSi"
"279",481,10.3609,22,"3-Butynoic acid","89.16","111174","2345-51-9","C4H4O2"
"280",484,10.3993,22,"Pyrazine, 2,3-dimethyl-","78.58","305440","5910-89-4","C6H8N2"
"281",488,10.4161,22,"Phenol, 2-methyl-","99.12","  5899","95-48-7","C7H8O"
"282",489,10.4166,22,"Phenol, 2-methyl-","99.41","  5899","95-48-7","C7H8O"
"283",490,10.4355,22,"Acetic acid, 4-methylphenyl ester","96.93","318270","140-39-6","C9H10O2"
"284",493,10.5536,22,"7-Ethyl-2-undecen-6-one","97.89","239215","","C13H24O"
"285",494,10.567,22,"1,2-Cyclohexanediol","98.91","306566","931-17-9","C6H12O2"
"286",495,10.5707,22,"1,2-Cyclohexanediol","97.76","306566","931-17-9","C6H12O2"
"287",496,10.5757,22,"Isoxazolidine-3,5-dicarboxylic acid, dimethyl ester","94.86","242006","","C7H11NO5"
"288",499,10.6423,22,"Furan","99.04","347152","110-00-9","C4H4O"
"289",500,10.6889,22,"7-Hydroxyocta-2,4-dienoic acid","97.23","291219","959310-71-5","C8H12O3"
"290",503,10.7723,22,"Cyclohexane, 1,2-dichloro-","98.34","263832","1121-21-7","C6H10Cl2"
"291",504,10.775,22,"trans-1,4-Cyclohexanediol, bis(heptafluorobutyrate)","95.49","263821","","C14H10F14O4"
"292",507,10.7905,22,"2-Propenoic acid, 2-methyl-, 1,2-ethanediylbis(oxy-2,1-ethanediyl) ester","93.57","306333","109-16-0","C14H22O6"
"293",514,10.8623,22,"Propanoic acid, 2-methyl-, 2-methylpropyl ester","93.29","243696","97-85-8","C8H16O2"
"294",509,10.8652,22,"1-Octanol","98.07","345550","111-87-5","C8H18O"
"295",512,10.8661,22,"Butyric acid, 1-propylpentyl ester","98.46","243578","20286-46-8","C12H24O2"
"296",511,10.8682,22,"5-Oxazolecarboxamide, 4-methyl-N-(5-nitro-2-thiazolyl)-","88.90","  8795","","C8H6N4O4S"
"297",513,10.8682,22,"1,4-Pentanediol","97.55","106637","626-95-9","C5H12O2"
"298",515,10.9745,22,"Dihydro-3-methylene-5-methyl-2-furanone","99.70","236930","62873-16-9","C6H8O2"
"299",516,10.9752,22,"Boron trifluoride","99.65","121102","7637-07-2","BF3"
"300",518,11.0336,22,"Cyclotrisiloxane, hexamethyl-","98.77","335790","541-05-9","C6H18O3Si3"
"301",519,11.0339,22,"Cyclotrisiloxane, hexamethyl-","98.85","335790","541-05-9","C6H18O3Si3"
"302",520,11.1655,22,"3-Buten-1-ol, 3-methyl-, benzoate","88.81","237430","5205-12-9","C12H14O2"
"303",524,11.1689,22,"Sulfurous acid, di(2-ethylhexyl) ester","90.84","208963","","C16H34O3S"
"304",526,11.1707,22,"Tetramethyl orthocarbonate","96.87","316347","1850-14-2","C5H12O4"
"305",523,11.1707,22,"1,5-Pentanediol dibenzoate","87.30","316353","6624-73-3","C19H20O4"
"306",521,11.1709,22,"Tetramethyl orthocarbonate","97.82","316346","1850-14-2","C5H12O4"
"307",525,11.192,22,"1H-Imidazolecarboxylic acid-, (1-methylethyl) ester","96.37","296790","82998-18-3","C7H10N2O2"
"308",531,11.2207,22,"Furyl hydroxymethyl ketone","98.63","289150","17678-19-2","C6H6O3"
"309",533,11.2295,22,"2-Pyrimidinamine","98.14","314277","109-12-6","C4H5N3"
"310",532,11.2377,22,"2-Furancarboxylic acid, 1-naphthyl ester","94.18","287950","","C15H10O3"
"311",538,11.4527,22,"1-Butanol, 2-methyl-, propanoate","97.92","345851","2438-20-2","C8H16O2"
"312",537,11.4561,22,"Diazene, dimethyl-, 1-oxide","99.52","183741","25843-45-2","C2H6N2O"
"313",539,11.46,22,"Formic acid, propyl ester","99.11","346032","110-74-7","C4H8O2"
"314",543,11.6195,22,"Undecane, 3,5-dimethyl-","98.40","197993","17312-81-1","C13H28"
"315",541,11.6573,22,"Pentane, 3,3-diethyl-","98.37","194766","1067-20-5","C9H20"
"316",540,11.7089,22,"Tridecane","99.66","346354","629-50-5","C13H28"
"317",536,11.7098,22,"Undecane","99.82","346444","1120-21-4","C11H24"
"318",542,11.7107,22,"Hexane, 3,4-bis(1,1-dimethylethyl)-2,2,5,5-tetramethyl-","99.43","189355","62850-21-9","C18H38"
"319",549,11.8534,22,"Methyl-(9-oxa-bicyclo[3.3.1]non-6-en-2-yl)-amine","98.56","208920","63827-19-0","C9H15NO"
"320",550,11.8557,22,"Methyl-(9-oxa-bicyclo[3.3.1]non-6-en-2-yl)-amine","98.24","208920","63827-19-0","C9H15NO"
"321",553,11.9798,22,"3-Thiopheneethanol","95.13","291776","13781-67-4","C6H8OS"
"322",556,11.9957,22,"Pivalaldehyde, semicarbazone","86.54","270986","23809-33-8","C6H13N3O"
"323",560,12.0584,22,"Benzeneacetic acid, .alpha.-methoxy-, (.+/-.)-","99.25"," 29525","7021-09-2","C9H10O3"
"324",558,12.0682,22,"Benzeneacetic acid, .alpha.-methoxy-, methyl ester, (.+/-.)-","99.68","321109","56143-21-6","C10H12O3"
"325",559,12.0716,22,"(2-Chlorophenyl)carbamic acid, 4-methoxybenzyl ester","91.63"," 29547","","C15H14ClNO3"
"326",563,12.1059,22,"Benzenemethanol, .alpha.-methyl-","93.25","313636","98-85-1","C8H10O"
"327",565,12.1257,22,"Phenylethyl Alcohol","95.63","312702","60-12-8","C8H10O"
"328",569,12.1448,22,"(.+/-.)-N-Desmethylselegiline, N-acetyl-","92.00","265728","","C14H17NO"
"329",568,12.1809,22,"6-Hydroxycarvotanacetone","94.24","264969","131486-99-2","C10H16O2"
"330",566,12.1843,22,"2-Cyclohexen-1-one, 3,5-dimethyl-","98.16","264830","1123-09-7","C8H12O"
"331",567,12.1857,22,"2-Cyclohexen-1-one, 3,5-dimethyl-","98.26","310517","1123-09-7","C8H12O"
"332",573,12.3273,22,"4,4-Dimethyl-2-pentanol, heptafluorobutyrate","96.87","210456","","C11H15F7O2"
"333",574,12.3277,22,"4,4-Dimethyl-2-pentanol, chlorodifluoroacetate","95.53","210457","","C9H15ClF2O2"
"334",575,12.3702,22,"2,2,4-Trimethyl-3-hexene","92.87","239217","59643-72-0","C9H18"
"335",578,12.4711,22,"Malonic acid, di(3-methylpent-2-yl) ester","98.18","269740","","C15H28O4"
"336",581,12.6486,21,"3-Fluoro-2-hydroxypyridine, Ac derivative","97.86"," 13041","","C7H6FNO2"
"337",580,12.6557,22,"4-Fluoro-2-pyridone, N-acetyl-","98.16"," 13042","","C7H6FNO2"
"338",585,12.7384,22,"Sulfurous acid, di(cyclohexylmethyl) ester","96.97","290968","","C14H26O3S"
"339",584,12.7414,22,"3-Butene-1,2-diol, 1-(2-furanyl)-","98.49","290822","19261-13-3","C8H10O3"
"340",583,12.7427,22,"Bis(4-methylcyclohexyl) methylphosphonate","98.66","290892","","C15H29O3P"
"341",587,12.833,22,"6-Undecanol","98.49","310844","23708-56-7","C11H24O"
"342",589,12.8382,22,"3-Hepten-1-ol","95.06","344607","10606-47-0","C7H14O"
"343",592,12.8402,22,"Cyclohexane, 1-chloro-2-nitroso-","96.93","263124","16580-31-7","C6H10ClNO"
"344",591,12.8673,22,"2-(3-methyl-2-cyclopenten-1-yl)-2-methylpropionaldehyde","97.49","263764","","C10H16O"
"345",595,13.2591,22,"1-Isopropyl-2,2-dimethylpropylideneamine","97.81","242024","","C8H17N"
"346",594,13.2625,22,"1-Isopropyl-2,2-dimethylpropylideneamine","97.56","242024","","C8H17N"
"347",598,13.3182,22,"2-Cyclohexen-1-one, 3,5-dimethyl-","97.23","264830","1123-09-7","C8H12O"
"348",597,13.3257,22,"2-Cyclohexen-1-one, 3,5-dimethyl-","86.51","264830","1123-09-7","C8H12O"
"349",596,13.3259,22,"Cyclopentasiloxane, decamethyl-","94.82","308612","541-02-6","C10H30O5Si5"
"350",599,13.4618,22,"5-Hydroxy-hex-2-enoic acid, methyl ester","99.32","295194","19870-59-8","C7H12O3"
"351",600,13.4677,22,"2-(E)-Hexenoic acid, (4S)-amino-5-methyl-","96.12","295199","267008-79-7","C7H13NO2"
"352",602,13.4973,22,"5-Hydroxypipecolic acid","90.06","295742","13096-31-6","C6H11NO3"
"353",603,13.6875,22,"D-Serine","97.82","348378","312-84-5","C3H7NO3"
"354",604,13.7925,22,"Cyclopentane carboxylic acid hydrazide","90.67","238300","3400-07-5","C6H12N2O"
"355",607,13.8255,22,"4,4-Dimethyl-2-pentanol, heptafluorobutyrate","95.70","210456","","C11H15F7O2"
"356",606,13.8259,22,"4,4-Dimethyl-2-pentanol, chlorodifluoroacetate","96.34","210457","","C9H15ClF2O2"
"357",608,13.8348,22,"1-Pentene, 4,4-dimethyl-","98.76","188105","762-62-9","C7H14"
"358",610,13.9184,22,"2,6-Dimethyl-2-cyclohexenone","94.67","265730","","C8H12O"
"359",611,13.92,22,"N-(2-Cyano-1-methylvinyl)acetamide","98.69","264927","27036-87-9","C6H8N2O"
"360",612,13.947,20,"(.+/-.)-N-Desmethylselegiline, N-acetyl-","95.87","265728","","C14H17NO"
"361",615,14.0261,22,"Azodicarbonamide","94.13"," 85581","","C2H4N4O2"
"362",613,14.0277,22,"Silane, 2-butenylethenylmethoxymethyl-","95.17","297301","100222-21-7","C8H16OSi"
"363",614,14.0298,22,"3H-1,2,4-Triazole-3-thione, 1,2-dihydro-","96.21","315712","3179-31-5","C2H3N3S"
"364",623,14.12,22,"3-Methyl-2,4,10-trioxatricyclo[3.3.1.1alanan3,7alanan]decane peak 2","94.87"," 19099","","C8H12O3"
"365",616,14.1532,22,"5-(Hydroxymethyl)dihydrofuran-2(3H)-one","99.77","311356","10374-51-3","C5H8O3"
"366",619,14.1541,22,"4-Methyl-1,6-heptadien-4-ol","99.65","311421","25201-40-5","C8H14O"
"367",617,14.1595,22,"5-(Hydroxymethyl)dihydrofuran-2(3H)-one","99.50","269548","10374-51-3","C5H8O3"
"368",618,14.1809,22,"N-Vinylacetamide","98.81","275531","5202-78-8","C4H7NO"
"369",620,14.1986,22,"3-Cyclopenteneethanal, 2-[[(tetrahydro-2-pyranyl)oxy]methyl]-, (1r,2-cis)-","91.72","269584","","C13H20O3"
"370",627,14.2709,22,"Butane, 1-(2-methoxyethoxy)-","97.06","202288","13343-98-1","C7H16O2"
"371",628,14.3525,22,"2-Methyl-3-methoxy-4H-pyran-4-one","94.77"," 64802","4780-14-7","C7H8O3"
"372",629,14.3545,22,"2-Methyl-3-methoxy-4H-pyran-4-one","91.53"," 64802","4780-14-7","C7H8O3"
"373",635,14.4566,22,"Divinyl sulfide","94.27","311504","627-51-0","C4H6S"
"374",634,14.4605,22,"Divinyl sulfide","95.55","311504","627-51-0","C4H6S"
"375",639,14.5567,21,"1,2,4,5-Tetrazine, 3,6-dimethyl-","99.04","248880","1558-23-2","C4H6N4"
"376",637,14.5779,21,"Catechol","99.52","  8672","120-80-9","C6H6O2"
"377",638,14.5819,21,"4(3H)-Pyrimidinone, 3-methyl-","99.21","256683","6104-45-6","C5H6N2O"
"378",640,14.5966,19,"4(1H)-Pyrimidinone, 6-methyl-","93.53","  8503","3524-87-6","C5H6N2O"
"379",641,14.6198,20,"2,2-Diallylpyrrolidine","98.87","  9009","40162-97-8","C10H17N"
"380",643,14.6329,21,"1,2-Benzenediol, mono(methylcarbamate)","98.53","  8442","10309-97-4","C8H9NO3"
"381",644,14.6488,21,"1,2-Benzenediol, mono(methylcarbamate)","98.47","  8442","10309-97-4","C8H9NO3"
"382",647,14.9469,21,"2-Propyl-1,3,6,2-dioxathiaphosphocane-2-oxide","96.02","271877","1049682-24-7","C7H15O3PS"
"383",648,14.9479,21,"2-Propyl-1,3,6,2-dioxathiaphosphocane-2-oxide","97.29","271877","1049682-24-7","C7H15O3PS"
"384",649,14.981,21,"1,3-Dioxol-2-one","98.41","311534","872-36-6","C3H2O3"
"385",651,15.1198,22,"Decane, 4-methyl-","95.77","328996","2847-72-5","C11H24"
"386",650,15.1223,22,"Decane, 4-methyl-","97.12","328996","2847-72-5","C11H24"
"387",655,15.1798,22,"1-Propyne, 3-(ethenylthio)-","93.86","290730","21916-66-5","C5H6S"
"388",656,15.2084,22,"2-Thiopheneethanol","95.49","291778","5402-55-1","C6H8OS"
"389",658,15.2214,22,"N'-{4-[3-(Dimethylamino)prop-2-enoyl]-1,2,5-oxadiazol-3-yl}-N,N-dimethylmethanimidamide","85.72","292303","","C10H15N5O2"
"390",659,15.2293,22,"But-3-en-1-ynyl methyl sulfide","91.96","292039","","C5H6S"
"391",665,15.2636,22,"METHYL TRI-O-METHYL-.beta.-D-RIBOFRANOSIDE","97.17","296621","","C9H18O5"
"392",666,15.2664,22,"METHYL TRI-O-METHYL-.beta.-D-RIBOFRANOSIDE","97.84","296621","","C9H18O5"
"393",667,15.3516,22,"Heptane, 2,5,5-trimethyl-","97.85","303327","1189-99-7","C10H22"
"394",672,15.3807,22,"Phenol, 4-butyl-","94.74","  4851","1638-22-8","C10H14O"
"395",676,15.4257,22,"Cyclotetrasiloxane, octamethyl-","97.38","340385","556-67-2","C8H24O4Si4"
"396",675,15.4305,22,"Cyclotetrasiloxane, octamethyl-","98.83","340385","556-67-2","C8H24O4Si4"
"397",677,15.44,22,"Cyclotetrasiloxane, octamethyl-","81.40","340388","556-67-2","C8H24O4Si4"
"398",683,15.4645,22,"1H-Pyrrole-2,5-dione, 3-ethyl-4-methyl-","77.86"," 61858","20189-42-8","C7H9NO2"
"399",680,15.4677,22,"1H-Pyrrole-2,5-dione, 3-ethyl-4-methyl-","99.12"," 61858","20189-42-8","C7H9NO2"
"400",681,15.4707,22,"1H-Pyrrole-2,5-dione, 3-ethyl-4-methyl-","98.38"," 61858","20189-42-8","C7H9NO2"
"401",684,15.4839,22,"1-Hydroxy,1-phenyl-2-propanone","92.95","  3902","","C9H10O2"
"402",689,15.5268,22,"1-Hexyn-3-ol, 3-methyl-","95.22","238639","4339-05-3","C7H12O"
"403",690,15.5373,22,"2-(Difluoroamino)-2,2-difluoro-O-(trifluoroacetyl)acetamidoxime","82.31","239588","115983-88-5","C4H2F7N3O2"
"404",692,15.5405,22,"2-Coumaranone","89.20","309721","553-86-6","C8H6O2"
"405",693,15.5527,22,"Butane, 1-(ethylsulfinyl)-","88.96","272330","2976-99-0","C6H14OS"
"406",698,15.7993,22,"1H-Pyrazole, 3-methyl-","95.25","310545","1453-58-3","C4H6N2"
"407",704,16.0125,22,"Ethosuximide","98.66","319307","77-67-8","C7H11NO2"
"408",706,16.0157,22,"Pentyl ethylphosphonofluoridate","97.91","319278","162085-84-9","C7H16FO2P"
"409",705,16.0166,22,"Pyrrolidine, 1-(1-oxo-5,7,9,14,17-eicosapentaenyl)-, (E,E,E,Z,Z)-","97.82"," 12726","108543-68-6","C24H37NO"
"410",708,16.2111,22,"Allyl cyclohexylacetate","88.07","231058","","C11H18O2"
"411",710,16.3155,21,"Benzeneacetic acid, .alpha.-oxo-, methyl ester","99.62","316481","15206-55-0","C9H8O3"
"412",711,16.3195,21,"2-Benzoyloxyacetophenone","99.16","316457","4010-33-7","C15H12O3"
"413",712,16.3327,20,"Arabinopyranoside, methyl, 2,3-dibenzoate 4-p-toluenesulfonate, .beta.-L-","98.07","302843","13143-92-5","C27H26O9S"
"414",715,16.4923,22,"Cyclopentanecarboxylic acid, 4-hexadecyl ester","91.83","291232","","C22H42O2"
"415",714,16.4959,22,"2-Thiopheneacetic acid, 2-ethylcyclohexyl ester","92.80","240158","","C14H20O2S"
"416",719,16.5905,22,"3H-1,2,4-Triazole-3-thione, 2,4-dihydro-4-methyl-","98.82"," 14630","24854-43-1","C3H5N3S"
"417",718,16.6111,22,"Glutaric acid, 3-methylbut-2-yl neopentyl ester","97.06"," 16265","","C15H28O4"
"418",717,16.6111,22,"1,3-Dioxolane, 4,4,5-trimethyl-2-pentadecyl-","98.77"," 16758","56599-79-2","C21H42O2"
"419",720,16.6459,22,"3H-1,2,4-Triazole-3-thione, 2,4-dihydro-4-methyl-","95.77"," 14630","24854-43-1","C3H5N3S"
"420",721,16.7064,22,"Cyclopentanecarboxylic acid, 4-hexadecyl ester","92.93","291232","","C22H42O2"
"421",722,16.7073,22,"Cyclopentanecarboxylic acid, 4-hexadecyl ester","92.86","291232","","C22H42O2"
"422",725,16.8269,21,"7-Ethyl-2-undecen-6-one","97.07","239215","","C13H24O"
"423",726,17.0352,22,"2(5H)-Furanone, 4-methyl-5-(2-methyl-2-propenyl)-","97.31","290739","89902-24-9","C9H12O2"
"424",727,17.0409,22,"Bis(4-methylcyclohexyl) methylphosphonate","98.00","290892","","C15H29O3P"
"425",729,17.0907,22,"Pentan-2-yl 2-methylbut-2-enoate","86.12","159458","63473-51-8","C10H18O2"
"426",732,17.2025,22,"4-[2-(Dimethylamino)ethoxy]aniline","97.49","230990","62345-76-0","C10H16N2O"
"427",731,17.2045,22,"N,N',N""-Trimethyldiitrimethylenetriamine","92.93","230487","123-70-6","C9H23N3"
"428",734,17.2268,22,"2-Thiopheneacetic acid, octyl ester","91.96","290830","","C14H22O2S"
"429",744,17.4866,22,"Benzenepropanenitrile, .beta.-hydroxy-","98.80","317796","17190-29-3","C9H9NO"
"430",748,17.4877,22,"E-8-Tridecen-2-ol, acetate","89.85","141753","","C15H28O2"
"431",749,17.4914,22,"3-Hexen-2-one, 3,4-dimethyl-","91.83","282154","1635-02-5","C8H14O"
"432",745,17.4934,22,"Benzenemethanol, .alpha.-2-propenyl-","98.46","  3933","936-58-3","C10H12O"
"433",751,17.592,22,"3-Buten-2-one, 4-(2-furanyl)-","80.48"," 29397","623-15-4","C8H8O2"
"434",750,17.5964,22,"Triallylsilane","93.28","239720","1116-62-7","C9H16Si"
"435",753,17.7639,22,"1,3-Cyclohexanedione, 2,4,6-trimethyl-","91.18","178331","20990-16-3","C9H14O2"
"436",761,17.868,22,"Cyclohexa-1,3-diene, 5,6-diethyl-","97.06","262398","","C10H16"
"437",766,18.0243,22,"Benzamide, 4-fluoro-N-[2-[1-piperidinyl]ethyl]-","97.39","293137","","C14H19FN2O"
"438",769,18.0868,22,"Benzyl alcohol","97.89","262477","100-51-6","C7H8O"
"439",773,18.1416,22,"Cyclohexasiloxane, dodecamethyl-","95.91","308592","540-97-6","C12H36O6Si6"
"440",775,18.143,22,"Sedanolide","82.42","318211","6415-59-4","C12H18O2"
"441",779,18.3441,22,"Cyclopentanone, 2,2,4-trimethyl-","89.46","169484","28056-54-4","C8H14O"
"442",778,18.3532,22,"Difluoro-(2,3,3,4,4,5,5-heptafluoro-tetrahydro-furan-2-yl)-acetic acid isopropylidene-hydrazide","87.77","176012","","C9H7F9N2O2"
"443",785,18.3752,22,"2,2-Dimethylpropanoic acid, 4-hexadecyl ester","94.58","218678","","C21H42O2"
"444",781,18.3811,22,"4-Fluorophenethyl alcohol, acetate","92.82"," 32065","","C10H11FO2"
"445",788,18.3857,22,"2-Cyclopenten-1-one, 2-methyl-","87.48","305432","1120-73-6","C6H8O"
"446",782,18.3857,22,"Pyrazine, 3,5-dimethyl-2-propyl-","90.96","321625","32350-16-6","C9H14N2"
"447",792,18.5082,22,"Benzeneacetic acid, 6-ethyl-3-octyl ester","89.96","275998","","C18H28O2"
"448",791,18.5152,22,"L-(-)-Fucose, tetrakis(trifluoroacetate), benzyloxime (isomer 2)","95.39","277560","","C21H15F12NO9"
"449",797,18.637,22,"1-Allyl-cyclopropanecarboxylic acid, 2,6-di-t-butyl-4-methyl-phenyl ester","97.53","  6843","108546-69-6","C22H32O2"
"450",796,18.6409,22,"Cirsiumaldehyde","94.55","  6878","7389-38-0","C12H10O5"
"451",803,18.8166,22,"Bicyclo[2.2.1]heptane, 2-(2-propenyl)-","97.93","288289","2633-80-9","C10H16"
"452",802,18.8318,22,"Cyclopentene, 1,2,3-trimethyl-","96.03","288374","473-91-6","C8H14"
"453",804,18.8448,22,"1,4-Pentadiene, 2,3,4-trimethyl-","92.89","288285","72014-90-5","C8H14"
"454",806,18.8939,22,"2,4-Furandicarboxylic acid, dimethyl ester","96.30"," 86551","1710-13-0","C8H8O5"
"455",807,18.8967,21,"2,4-Furandicarboxylic acid, dimethyl ester","96.13"," 86551","1710-13-0","C8H8O5"
"456",809,18.9736,22,"3-Dodecyne","94.88","235928","6790-27-8","C12H22"
"457",812,19.0443,22,"3H-1,2,4-Triazol-3-one, 1,2-dihydro-","98.72","311414","930-33-6","C2H3N3O"
"458",811,19.05,22,"3H-1,2,4-Triazol-3-one, 1,2-dihydro-","99.38","269655","930-33-6","C2H3N3O"
"459",814,19.1103,19,"Propanoic acid, 2-methyl-, 2-(hydroxymethyl)-1-propylbutyl ester","96.69","243687","74367-32-1","C12H24O3"
"460",815,19.113,20,"Propanoic acid, 2-methyl-, 2-(hydroxymethyl)-1-propylbutyl ester","96.12","243687","74367-32-1","C12H24O3"
"461",816,19.1442,19,"2-n-Heptylcyclopentanone","97.80","311048","137-03-1","C12H22O"
"462",817,19.1603,19,"Ethyl 2-methyl-2-tert-butyl-cyclopropane-1-carboxylate","95.51","268629","","C11H20O2"
"463",818,19.2162,20,"Chlorotrifluoromethane","99.41","239805","75-72-9","CClF3"
"464",820,19.218,20,"Cyclopropanecarboxyllic acid, tridec-2-ynyl ester","98.76","237928","","C17H28O2"
"465",819,19.2222,20,"Trifluoromethanesulfonic anhydride","98.87","239383","358-23-6","C2F6O5S2"
"466",823,19.2959,22,"Cyclopentanone, 2-(1-methylheptyl)-","95.99","269068","54549-91-6","C13H24O"
"467",824,19.3027,22,"Cyclopentanone, 2-(1-methylheptyl)-","95.27","269068","54549-91-6","C13H24O"
"468",827,19.3552,22,"3-Penten-2-ol","99.07","306843","1569-50-2","C5H10O"
"469",825,19.3566,22,"trans-2-Methyl-4-hexen-3-ol","99.48","243618","96346-76-8","C7H14O"
"470",826,19.368,22,"Furan, 2-(dichloromethyl)-tetrahydro-","99.18","243651","931-05-5","C5H8Cl2O"
"471",829,19.4643,21,"1,3-Dioxolane, 4,4,5-trimethyl-2-pentadecyl-","96.52"," 16758","56599-79-2","C21H42O2"
"472",830,19.4678,20,"1,3-Dioxolane, 4,4,5-trimethyl-2-pentadecyl-","95.83"," 16758","56599-79-2","C21H42O2"
"473",833,19.5793,22,"Cyclopentasiloxane, decamethyl-","94.03","308612","541-02-6","C10H30O5Si5"
"474",835,19.5827,22,"1-Allylcyclopropanecarboxylic acid","85.86","263121","80360-57-2","C7H10O2"
"475",836,19.6971,21,"Cyclopentene, 1,4-dimethyl-5-(1-methylethyl)-","95.89","288259","61142-33-4","C10H18"
"476",839,19.759,21,"Diethylaminoethyl acrylate","98.65","311536","2426-54-2","C9H17NO2"
"477",840,19.759,21,"Benzenemethanol, .alpha.-[1-(ethylmethylamino)ethyl]-, [R-(R*,S*)]-","99.71","271588","48141-64-6","C12H19NO"
"478",841,19.819,20,"2,3-Butanedione","99.67","315603","431-03-8","C4H6O2"
"479",846,20.0957,22,"4,5,6,7-Tetrahydro-3-methylbenzofuran","93.98","  6114","","C9H12O"
"480",848,20.182,22,"Succinic acid, 3-methylbut-2-yl tetrahydrofurfuryl ester","97.11","244656","","C14H24O5"
"481",849,20.1841,22,"Succinic acid, 2,2-dichloroethyl tetrahydrofurfuryl ester","97.16","244657","","C11H16Cl2O5"
"482",847,20.3259,22,"Succinic acid, 3-methylbut-2-yl tetrahydrofurfuryl ester","97.50","244656","","C14H24O5"
"483",860,20.3789,22,"1,3,4-Thiadiazol-2-amine","98.38","297289","4005-51-0","C2H3N3S"
"484",858,20.385,22,"Succinic acid, dipentafluorobenzyl ester","98.24","122030","","C18H8F10O4"
"485",856,20.4511,22,"Succinic acid, tridec-2-yn-1-yl pentafluorobenzyl ester","98.31","122726","","C24H29F5O4"
"486",857,20.467,20,"Diglycolic acid, di(pentafluorobenzyl) ester","98.78","122778","","C18H8F10O5"
"487",864,20.5813,20,"1,3-Benzodioxole-4,7-diol, 5-methyl-","85.99","105875","1187645-83-5","C8H8O4"
"488",865,20.5827,20,"3-Octen-2-ol, 2-methyl-, (Z)-","80.95","243882","18521-07-8","C9H18O"
"489",875,20.6272,20,"1,4-Benzenediol, 2,5-dimethyl-","92.46","325375","615-90-7","C8H10O2"
"490",876,20.6285,20,"1.2-diacetylhydrazine","97.86","331155","3148-73-0","C4H8N2O2"
"491",869,20.631,20,"N,N'-(1,2-Propylene)-thiourea","98.01"," 20466","2122-19-2","C4H8N2S"
"492",870,20.6325,20,"N,N'-(1,2-Propylene)-thiourea","97.94"," 20466","2122-19-2","C4H8N2S"
"493",868,20.6345,21,"1.2-diacetylhydrazine","98.81","331155","3148-73-0","C4H8N2O2"
"494",872,20.6521,21,"(1Z)-N-tert-Butyl-2,2,2-trichloroethanimidic acid, TMS derivative","76.89","249590","","C9H18Cl3NOSi"
"495",881,20.8352,20,"Methylamine, N-(1-propylbutylidene)-","92.57","254506","10599-78-7","C8H17N"
"496",882,20.8428,20,"3-Aminoisoxazole","98.20","311093","1750-42-1","C3H4N2O"
"497",883,20.8458,20,"Methylamine, N-(1-propylbutylidene)-","96.34","254506","10599-78-7","C8H17N"
"498",885,21.0247,18,"4-[(Tetrahydro-furan-2-ylmethyl)-amino]-1-oxa-spiro[4.5]dec-3-en-2-one","93.94","268672","","C14H21NO3"
"499",888,21.1031,18,"Diethyleneglycol dimethacrylate","82.32","240505","2358-84-1","C12H18O5"
"500",890,21.1317,18,"2,3,6-Trifluoroacetophenone","77.69"," 93647","208173-22-2","C8H5F3O"
"501",893,21.2372,18,"3-Chloro-4-methoxybenzaldehyde","99.08","107659","4903-09-7","C8H7ClO2"
"502",894,21.2386,18,"3-Chloro-4-methoxybenzaldehyde","97.54","107659","4903-09-7","C8H7ClO2"
"503",895,21.2885,20,"1-(3,4-methylenedioxyphenyl)-1-methoxypropan-2-one","95.79","102500","","C11H12O4"
"504",898,21.3181,21,"2,3-Dimethoxy-5-methylhydroquinone","96.74","126964","3066-90-8","C9H12O4"
"505",897,21.3257,21,"2,3-Dimethoxy-5-methylhydroquinone","96.78","126964","3066-90-8","C9H12O4"
"506",903,21.4076,21,"2H-Tetrahydropyran, 2-[(1-ethenyl-1,5-dimethylhex-4-enyl)oxy]-","94.62","269698","","C15H26O2"
"507",906,21.4947,17,"Isoxaben","98.80","330378","82558-50-7","C18H24N2O4"
"508",905,21.4947,17,"1-(3,4-methylenedioxyphenyl)-1-methoxypropan-2-one","99.10","102500","","C11H12O4"
"509",910,21.8259,22,"Glutaric acid, oct-1-en-3-yl dec-2-yl ester","95.09"," 17226","","C23H42O4"
"510",907,21.8336,21,".beta.-D-Glucopyranose, 1,6-anhydro-","97.61","348397","498-07-7","C6H10O5"
"511",911,21.8382,22,"Glutaric acid, tridec-2-yn-1-yl isopropyl ester","94.35"," 16760","","C21H36O4"
"512",912,21.8659,22,"n-Propyl heptyl ether","85.83","289917","71112-89-5","C10H22O"
"513",914,21.9636,21,"Tetrahydro[2,2']bifuranyl-5-one","99.55","243575","19680-00-3","C8H12O3"
"514",913,21.97,21,"Tetrahydro[2,2']bifuranyl-5-one","99.55","243575","19680-00-3","C8H12O3"
"515",917,22.0562,20,"Benzaldehyde, 3,4-dimethoxy-","98.81","330571","120-14-9","C9H10O3"
"516",920,22.0815,20,"1-Cyclopentylethanol, trifluoroacetate","93.72","305950","","C9H13F3O2"
"517",922,22.083,20,"Methanesulfinyl fluoride, trifluoro-","95.04","239397","812-12-4","CF4OS"
"518",921,22.146,20,"Cyclopropane, 1,1-dimethyl-2-(2-methyl-2-propenyl)-","90.71","236596","69147-03-1","C9H16"
"519",925,22.5564,22,"Benzenemethanol, 3,4-dimethoxy-","98.53","330824","93-03-8","C9H12O3"
"520",927,22.5564,22,"Benzenemethanol, 3,4-dimethoxy-","97.48","330840","93-03-8","C9H12O3"
"521",929,22.5611,22,"Cycloheptasiloxane, tetradecamethyl-","96.73","340376","107-50-6","C14H42O7Si7"
"522",926,22.5857,22,"DL-Norleucine, N-propargyloxycarbonyl-, isohexyl ester","96.74","106463","","C16H27NO4"
"523",935,22.696,21,"Phenol, 4-ethyl-2-methoxy-","98.49","325161","2785-89-9","C9H12O2"
"524",934,22.6969,21,"4-Methoxy-2,6-dimethylphenol","97.23"," 59957","2431-91-6","C9H12O2"
"525",937,22.8414,22,"2,4-Di-tert-butylphenol","98.87","333922","96-76-4","C14H22O"
"526",939,22.9068,22,"1H-3a,7-Methanoazulene, 2,3,4,7,8,8a-hexahydro-3,6,8,8-tetramethyl-, [3R-(3.alpha.,3a.beta.,7.beta.,8a.alpha.)]-","85.70","320522","469-61-4","C15H24"
"527",938,22.9082,22,"(R)-1-Methyl-4-(6-methylhept-5-en-2-yl)cyclohexa-1,4-diene","97.83"," 25580","28976-67-2","C15H24"
"528",943,22.9657,22,"Tomatidine, 2TMS derivative","97.73"," 39139","","C33H61NO2Si2"
"529",945,22.9873,22,"Sarin","97.79","294450","107-44-8","C4H10FO2P"
"530",944,23.0086,21,"L-Alanyl-L-norleucine, N-dimethylaminomethylene-, methyl ester","99.27","293733","","C13H25N3O3"
"531",951,23.1271,21,"2-Furanmethanol, tetrahydro-, acetate","98.87","328972","637-64-9","C7H12O3"
"532",950,23.1286,21,"Methoxyacetic acid, 2-tetrahydrofurylmethyl ester","99.15","244102","","C8H14O4"
"533",954,23.2358,18,"Dicyclohexyl propylphosphonate","98.65"," 39110","883290-77-5","C15H29O3P"
"534",952,23.2421,17,"4,5,6-Pyrimidinetriamine","93.43","322445","118-70-7","C4H7N5"
"535",953,23.2479,17,"4,5,6-Pyrimidinetriamine","90.14","322445","118-70-7","C4H7N5"
"536",957,23.6923,20,"2-Naphthyl methyl ketone","94.58","328673","93-08-3","C12H10O"
"537",956,23.7255,21,"2-Naphthyl methyl ketone","93.27","328673","93-08-3","C12H10O"
"538",958,23.7379,21,"2-Naphthyl methyl ketone","93.98","328673","93-08-3","C12H10O"
"539",960,23.9702,21,"Cyclopentanepropanoic acid, 2-oxo-, methyl ester","83.59"," 60580","10407-36-0","C9H14O3"
"540",965,24.1157,21,"1,2-Dimethoxy-4-(1,2,3-trimethoxypropyl)benzene","99.05","122648","","C14H22O5"
"541",966,24.1176,21,"Benzene, 4-(dimethoxymethyl)-1,2-dimethoxy-","99.03","122647","59276-33-4","C11H16O4"
"542",969,24.1809,22,"Tetramethyl orthocarbonate","98.82","316347","1850-14-2","C5H12O4"
"543",967,24.2193,22,"Ethyl 2-benzoylheptanoate","99.29","303144","24317-97-3","C16H22O3"
"544",968,24.2268,22,"Benzoic acid N'-(2,2,7,7-tetramethyl-tetrahydro-bis[1,3]dioxolo[4,5-b","95.60","301772","","C19H24N2O7"
"545",971,24.2309,22,"Valeric acid, 2-tetrahydrofurylmethyl ester","95.97","244574","5451-86-5","C10H18O3"
"546",970,24.2461,22,"Nonanoic acid, [tetrahydro-2-furanyl]ethyl ester","97.76","244555","","C14H26O3"
"547",972,24.2648,22,"Octanoic acid, 2-tetrahydrofurylmethyl ester","95.96","244577","33601-75-1","C13H24O3"
"548",975,24.5607,22,"Dimethyl-1,8-naphthalenedioxysilane","96.31","158272","6398-60-3","C12H12O2Si"
"549",974,24.562,22,"Dimethyl-1,8-naphthalenedioxysilane","96.75","158272","6398-60-3","C12H12O2Si"
"550",976,24.6784,19,".alpha.-hydroxy-3,4-methylenedioxyphenyl-2-propanone","92.02"," 83662","","C10H10O4"
"551",979,24.7826,19,"Propionic acid, 2,3-dihydroxy-3-phenyl-","92.06","  3904","","C9H10O4"
"552",983,24.9105,22,"Butyric acid, p-methoxyphenyl ester","93.33","322123","14617-95-9","C11H14O3"
"553",981,24.9232,22,"Phenol, 2-methoxy-, acetate","94.47","322331","613-70-7","C9H10O3"
"554",982,24.9323,22,"4-Cyclohexyl-4-methyl-2-pentanone","83.95"," 35731","4927-39-3","C12H22O"
"555",984,24.943,22,"Tetrahydrofuran-2-one, 5-[1-hydroxyhexyl]-","95.95","271331","","C10H18O3"
"556",989,24.9768,20,"1-Butanamine, N-methyl-N-nitro-","91.34"," 14781","52330-07-1","C5H12N2O2"
"557",987,24.9973,20,"Acetic acid, 1-cyano-1-[7-(2-methoxyethoxymethoxy)-6-methylbicyclo[4.3.0]non-3-ylidene]-, ethyl ester","93.35","274754","","C19H29NO5"
"558",991,25.0533,18,"Methacrylamide","98.25","240119","79-39-0","C4H7NO"
"559",993,25.1545,20,"2-Isopropylidene-3-methylhexa-3,5-dienal","86.00","279457","","C10H14O"
"560",996,25.172,20,"1,2-Ethanediol, 1-phenyl-","95.51","317789","93-56-1","C8H10O2"
"561",994,25.176,20,"Benzenemethanol, .alpha.-ethyl-","92.88","317787","93-54-9","C9H12O"
"562",995,25.1782,20,"(-)-Norephedrine","81.03","343261","492-41-1","C9H13NO"
"563",997,25.1965,20,"2H-Thiopyran, 3-phenyl-, 1,1-dioxide","59.73","150354","6581-28-8","C11H10O2S"
"564",1000,25.2572,20,"3',5'-Diacetylthymidine","98.09","263212","6979-97-1","C14H18N2O7"
"565",1001,25.2595,20,"2H-Pyran, 2-[(1,1-dimethyl-2-butynyl)oxy]tetrahydro-","94.37","263915","24642-03-3","C11H18O2"
"566",1004,25.3311,18,"Benzenemethanol, .alpha.-(2,2,3,3,4,4,5,5,5-nonafluoropentyl)-","94.31","  3912","1035807-01-2","C12H9F9O"
"567",1010,25.4088,17,"1,3-Dioxane, 5-fluoro-2-methyl-, cis-","97.13"," 24717","35878-04-7","C5H9FO2"
"568",1011,25.4376,17,"Hydratropic acid, hex-4-yn-3-yl ester","94.52","304699","","C15H18O2"
"569",1014,25.6436,21,"Salicylidene solanocapsine","90.29","268664","57526-02-0","C34H50N2O3"
"570",1018,25.7483,21,"1-Cyclopentylethanol, trifluoroacetate","96.41","239395","","C9H13F3O2"
"571",1017,25.7512,21,"1-Cyclopentylethanol, trifluoroacetate","96.72","239395","","C9H13F3O2"
"572",1021,25.7861,19,"1-Butanamine, N-methyl-N-2-propenyl-","98.86","268208","24209-62-9","C8H17N"
"573",1022,25.7982,19,"Pipradrol","98.24","311270","467-60-7","C18H21NO"
"574",1024,25.8371,19,"1,3-Dioxolane, 2-(1-phenylethyl)-","85.86","247325","4362-22-5","C11H14O2"
"575",1027,25.9181,21,"Bicyclo[3.2.2]nona-2,6-dien-5-ol-4-one","87.56","287491","","C9H10O2"
"576",1029,26.0212,20,"2-Thiophenylacetic acid, 2,5-dichlorophenyl ester","78.13","291715","","C12H8Cl2O2S"
"577",1030,26.0379,19,"1,3,3-Trimethyl-2-oxabicyclo[2.2.2]octane-6,7-endo,endo-diol","85.34","306311","56084-15-2","C10H18O3"
"578",1032,26.0483,20,"Acetic acid, trifluoro-, 1,5-pentanediyl ester","96.51","305959","453-44-1","C9H10F6O4"
"579",1031,26.0495,19,"1,7-Nonadiene, 4,8-dimethyl-","95.14","235536","62108-28-5","C11H20"
"580",1035,26.3369,18,"N-(3-Methoxybenzyl)-2-methyl-2-propanamine","91.26"," 31247","207349-84-6","C12H19NO"
"581",1037,26.3898,21,"8-Methoxy-1-naphthol","99.25"," 48624","","C11H10O2"
"582",1040,26.4395,21,"Ethanone, 1-(1,3-dimethyl-3-cyclohexen-1-yl)-","93.13","  6706","51733-68-7","C10H16O"
"583",1041,26.4598,22,"8,11,14-Eicosatrienoic acid, (Z,Z,Z)-","91.10","308946","1783-84-2","C20H34O2"
"584",1043,26.5355,22,"Cyclooctasiloxane, hexadecamethyl-","98.04","216750","556-68-3","C16H48O8Si8"
"585",1049,26.7392,20,"2-Ethylbutyric acid, tetrahydrofurfuryl ester","99.45","244573","","C11H20O3"
"586",1050,26.7522,20,"Methoxyacetic acid, 2-tetrahydrofurylmethyl ester","98.08","244102","","C8H14O4"
"587",1052,26.8015,20,"3-Vinyl-7-oxabicyclo[4.1.0]heptane (isomer 1)","89.07","262753","","C8H12O"
"588",1053,26.8502,20,"Isosafrole Glycol","96.79"," 83663","","C10H12O4"
"589",1056,26.9186,21,".alpha.-Bisabolol","96.89","318557","515-69-5","C15H26O"
"590",1058,26.9811,22,"Kynurenine, 2TBDMS derivative","88.31","137332","","C22H40N2O3Si2"
"591",1060,27.0505,22,"Rhodium, bis(ethylene)-indenyl-","92.62","160122","63428-46-6","C13H15Rh"
"592",1063,27.097,22,"2,5-Dimethyl-N'-[(E)-(3-phenoxyphenyl)methylidene]-3-furohydrazide","93.90"," 35423","304906-79-4","C20H18N2O3"
"593",1062,27.0977,22,"2,5-Dimethyl-N'-[(E)-(3-phenoxyphenyl)methylidene]-3-furohydrazide","91.05"," 35423","304906-79-4","C20H18N2O3"
"594",1066,27.1355,21,"2-Amino-5-fluorobenzonitrile, TMS derivative","89.77","138551","","C10H13FN2Si"
"595",1067,27.222,22,"5-Tetradecen-3-yne, (Z)-","85.45","261977","74744-47-1","C14H24"
"596",1075,27.2811,22,"Tricyclo[3.3.0.0(2,8)]octan-3-one, 4-[2-(m-anisyl)ethyl]-8-methyl-","86.37","287287","","C18H22O2"
"597",1077,27.3305,22,"Cyclobutanecarboxylic acid, 4-methylpentyl ester","96.55","267209","","C11H20O2"
"598",1078,27.4736,21,"2-Butenal, 3-methyl-","95.37","268431","107-86-8","C5H8O"
"599",1080,27.518,20,"10-Dodecen-1-ol, 7,11-dimethyl-","89.20","237977","","C14H28O"
"600",1081,27.5183,20,"5,9,13-Trimethyl-(8E,12)-tetradecadiene-5-ol","89.40","239664","","C17H32O"
"601",1082,27.8441,22,"3-Heptyne, 5-methyl-","89.76","264249","61228-09-9","C8H14"
"602",1084,27.9767,21,"1H-Inden-1-one, 2,3-dihydro-3,3,4,6-tetramethyl-","87.20","113709","55255-42-0","C13H16O"
"603",1087,28.1375,22,"p-Mentha-1,5-dien-8-ol","81.83","233490","1686-20-0","C10H16O"
"604",1090,28.4032,22,"(-)-Norepinephrine, N,O,O',O''-tetrakis(pentafluoropropionyl)-","89.40","116968","","C20H7F20NO7"
"605",1092,28.4393,22,"6,7-Dihydro-5H-benzo[1,2,5]oxadiazol-4-one o-(2-fluoro-benzyl)-oxime","97.91","  7019","","C13H12FN3O2"
"606",1099,28.6723,20,"Hexadecanoic acid, 3-methyl-, methyl ester","96.48","256984","65128-49-6","C18H36O2"
"607",1098,28.6785,20,"Eicosanoic acid, 3-methyl-, methyl ester","93.04","256978","55334-53-7","C22H44O2"
"608",1108,29.0014,18,"Pentanoic acid, 4,4-dimethyl-3-oxo-, methyl ester","91.09","239053","55107-14-7","C8H14O3"
"609",1110,29.0241,17,"2-Hydroxyisocaproic acid, methyl ether, methyl ester","83.72","297068","","C8H16O3"
"610",1111,29.1795,22,"3,4-Dimethyl-3-pyrrolin-2-one","89.34"," 10357","4030-22-2","C6H9NO"
"611",1112,29.1866,22,"5-Amino-1,3-dimethylpyrazole","87.33","  9702","3524-32-1","C5H9N3"
"612",1116,29.2391,22,"Malonic acid, dihydrazide","96.13","100153","3815-86-9","C3H8N4O2"
"613",1114,29.2495,22,"Tetradecyl (E)-2-methylbut-2-enoate","95.37","297335","","C19H36O2"
"614",1115,29.2627,22,"Azodicarbonamide","91.06"," 85581","","C2H4N4O2"
"615",1117,29.3175,22,"6-Methyl-3-pyridazinol","75.14","105166","","C8H14N2OSi"
"616",1119,29.4508,19,"5,5,8a-Trimethyldecalin-1-one","78.33","  9669","","C13H22O"
"617",1120,29.4805,19,"Cyclopentyl ethylphosphonofluoridate","92.11","319331","345239-06-7","C7H14FO2P"
"618",1124,29.8152,21,"1,2-Cyclohexanediol, dimethanesulfonate","81.17","291319","55724-11-3","C8H16O6S2"
"619",1125,29.8421,21,"Succinic acid, 3-fluorobenzyl pentyl ester","82.85","  7222","","C16H21FO4"
"620",1131,29.9141,22,"Guaiacol, 4-butyl-","97.81"," 60094","59832-96-1","C11H16O2"
"621",1127,29.923,22,"1-(2,4-Dihydroxyphenyl)-1-butanone, acetate","97.02"," 59207","","C12H14O4"
"622",1129,29.97,22,"Propan-2-one, 1-(4-isopropoxy-3-methoxyphenyl)-","95.91"," 60091","","C13H18O3"
"623",1128,29.9857,22,"Dihydrofisetin","89.58"," 59731","20725-03-5","C15H12O6"
"624",1130,29.9918,22,"Dihydrofisetin","90.68"," 59731","20725-03-5","C15H12O6"
"625",1132,29.9948,22,"3,7-Benzofurandiol, 2,3-dihydro-2,2-dimethyl-","88.72","325189","17781-15-6","C10H12O3"
"626",1135,30.0693,22,"L-Alanyl-L-norleucine, N-dimethylaminomethylene-, methyl ester","96.24","293733","","C13H25N3O3"
"627",1136,30.0709,22,"Spiro(1,3-dioxolane)-2,3'-(pregnan-12'-one, 18',20'-diacetoxy-)","98.16","293707","","C27H40O7"
"628",1137,30.0889,22,"2-Butyl methylphosphonofluoridate","92.14","315421","352-52-3","C5H12FO2P"
"629",1140,30.1943,21,"Benzaldehyde, 2-methoxy-","72.18","324814","135-02-4","C8H8O2"
"630",1142,30.3034,22,"4(1H)-Pyridinethione,1-methyl-","83.29","264344","6887-59-8","C6H7NS"
"631",1147,30.3514,22,"3,4-Secodammar-4(28)-en-3-oic acid, 20,24-epoxy-25-hydroxy-, (24S)-","86.34"," 69273","56421-13-7","C30H50O4"
"632",1145,30.3548,22,"Caffeine","98.30","334261","58-08-2","C8H10N4O2"
"633",1146,30.3593,22,"Caffeine","98.14","334261","58-08-2","C8H10N4O2"
"634",1151,30.5035,20,"2',4'-Dihydroxy-3'-methylbutyrophenone","97.20"," 84374","93970-93-5","C11H14O3"
"635",1152,30.5082,20,"2',4'-Dihydroxy-3'-methylbutyrophenone","98.46"," 84374","93970-93-5","C11H14O3"
"636",1153,30.5421,21,"Pyrolo[3,2-d]pyrimidin-2,4(1H,3H)-dione","90.83"," 84060","65996-50-1","C6H5N3O2"
"637",1157,30.5619,21,"4-Hydroxy-3-[1-(5-hydroxy-2,6,6-trimethyltetrahydro-2H-pyran-2-yl)ethyl]-2(1H)-quinolinone, 2TMS (isomer 1)","91.65"," 69508","","C25H41NO4Si2"
"638",1156,30.58,21,"4-Hydroxy-3-[1-(5-hydroxy-2,6,6-trimethyltetrahydro-2H-pyran-2-yl)ethyl]-2(1H)-quinolinone, 2TMS (isomer 2)","92.75"," 70113","","C25H41NO4Si2"
"639",1155,30.5838,21,"4-Hydroxy-3-[1-(5-hydroxy-2,6,6-trimethyltetrahydro-2H-pyran-2-yl)ethyl]-2(1H)-quinolinone, acetate (isomer 2)","92.08"," 69296","","C21H27NO5"
"640",1158,30.6877,22,"Thianaphthene-3-acetic acid","94.35"," 76397","1131-09-5","C10H8O2S"
"641",1159,30.6905,22,"(Benzo(b)thien-6-yl)acetic acid","95.42"," 76405","6177-87-3","C10H8O2S"
"642",1163,30.7395,22,"Theobromine","97.50","332466","83-67-0","C7H8N4O2"
"643",1162,30.7416,22,"Theobromine","98.29","332464","83-67-0","C7H8N4O2"
"644",1164,30.7473,22,"Theobromine","95.86","120890","83-67-0","C7H8N4O2"
"645",1166,30.7582,22,"5-(1,1-Dimethyl-5-oxohexyl)-2-methyl-1H-pyrrole-3-carboxylic acid, methyl ester","97.21","121492","107675-02-5","C15H23NO3"
"646",1168,30.8186,22,"2-Epi-.alpha.-funebrene","95.16"," 25582","65354-33-8","C15H24"
"647",1170,30.9698,22,"1-Tetradecanol, 14-chloro-","91.27","149519","73937-05-0","C14H29ClO"
"648",1173,31.0279,21,"Heptanethioic acid, S-methyl ester","94.18"," 29165","2432-82-8","C8H16OS"
"649",1174,31.0286,21,"4-Fluoro-2-pyridone, N-acetyl-","95.35"," 13042","","C7H6FNO2"
"650",1180,31.1631,21,"2,4-Dimethylfuran","92.73","314644","3710-43-8","C6H8O"
"651",1177,31.1633,21,"1(3H)-isobenzofuranone, 5,6-dimethoxy-","98.32","102912","","C10H10O4"
"652",1178,31.164,21,"2-Hydroxy-4,5-methylenedioxypropiophenone","97.56","102913","18607-90-4","C10H10O4"
"653",1185,31.3591,22,"Borane, [1,2-bis(1-methylethyl)butyl]bis(1-methylethyl)-","95.77","235482","74792-79-3","C16H35B"
"654",1186,31.363,22,"Cyclopentanecarboxylic acid, ethenyl ester","95.50","238298","16523-06-1","C8H12O2"
"655",1188,31.4,22,"Acetic acid, trifluoro-, undecafluoropentyl ester","94.69","240200","42133-36-8","C7F14O2"
"656",1189,31.4184,22,"4-Aminosulfonylbenzenamine, N-[6-bromo-n-hexanoyl]-","92.82","110747","","C12H17BrN2O3S"
"657",1191,31.4425,22,"8-[1,3]Dioxolan-2-yl-octane-2,3-diamine","81.89","110900","","C11H24N2O2"
"658",1192,31.4702,22,"4H-1,3-Benzodioxin-4-one, hexahydro-4a,5-dimethyl-, [4as-(4a.alpha.,5.beta.,8a.beta.)]-","92.38","  8894","124899-17-8","C10H16O3"
"659",1195,31.709,20,"5.alpha.,14.beta.-Androstan-15-one, 17.beta.-methyl-","94.34","  9673","14012-11-4","C20H32O"
"660",1196,31.7168,20,"Bis(4-methylcyclohexyl) ethylphosphonate","95.30","  9834","","C16H31O3P"
"661",1201,31.89,22,"Tridecanoic acid, methyl ester","96.77","308858","1731-88-0","C14H28O2"
"662",1200,31.8905,22,"Hexadecanoic acid, methyl ester","98.20","256869","112-39-0","C17H34O2"
"663",1203,31.905,22,".beta.-Iodoethyl acetate","83.29"," 14724","627-10-1","C4H7IO2"
"664",1208,32.0518,22,"Heptanethioic acid, S-methyl ester","87.62"," 29165","2432-82-8","C8H16OS"
"665",1207,32.0809,22,"Heptanethioic acid, S-methyl ester","92.26"," 29165","2432-82-8","C8H16OS"
"666",1210,32.1311,22,"Pyrrolo[1,2-a]pyrazine-1,4-dione, hexahydro-3-(2-methylpropyl)-","96.58"," 87005","5654-86-4","C11H18N2O2"
"667",1211,32.1462,21,"Octahydrodipyrrolo[1,2-a","98.14","243161","","C10H14N2O2"
"668",1212,32.1479,21,"Octahydrodipyrrolo[1,2-a","97.30","243160","","C10H14N2O2"
"669",1216,32.2869,21,"Cyclohexanecarboxylic acid, 4-(1,5-dimethyl-3-oxohexyl)-, methyl ester, cis-","86.76","224457","17904-29-9","C16H28O3"
"670",1218,32.548,20,"n-Hexadecanoic acid","98.24","348434","57-10-3","C16H32O2"
"671",1221,32.6484,22,"Dibutyl phthalate","90.65","327431","84-74-2","C16H22O4"
"672",1220,32.6491,22,"Dibutyl phthalate","97.71"," 79802","84-74-2","C16H22O4"
"673",1222,32.9368,19,"Dodecanedioic acid, 6-hydroxy-","70.05"," 41961","50870-54-7","C12H22O5"
"674",1224,32.9774,21,"L-Glutamic acid, N,N-diethyl-, dimethyl ester","90.98","111275","","C11H21NO4"
"675",1226,33.149,21,"Hexadecane, 1,1'-oxybis-","87.07","164472","4113-12-6","C32H66O"
"676",1232,33.7848,22,"1-Cyclohexene-1-carboxylic acid, 4-(1,5-dimethyl-3-oxohexyl)-, methyl ester, [R-(R*,R*)]-","96.13"," 52115","17904-27-7","C16H26O3"
"677",1236,33.8418,22,"Fumaric acid, 3-phenylpropyl 2-methylpent-3-yl ester","97.57"," 23300","","C19H26O4"
"678",1238,34.0208,18,"1-Ethylhexyl propionate","95.67","182613","","C11H22O2"
"679",1239,34.0292,18,"Allyl thiopropionate","96.33","181680","41820-22-8","C6H10OS"
"680",1241,34.1335,20,"Spiro[1,3-dioxolane-2,1'(4'H)-naphthalen]-4'-one, octahydro-","97.45","293807","21727-93-5","C12H18O3"
"681",1240,34.135,20,"Spiro[1,3-dioxolane-2,1'(4'H)-naphthalen]-4'-one, octahydro-","97.60","293807","21727-93-5","C12H18O3"
"682",1243,34.2617,21,"Cycloheptanone, 3-butyl-","90.47","  9821","","C11H20O"
"683",1246,34.504,21,"Cedran-diol, (8S,14)-","89.77"," 57974","62600-05-9","C15H26O2"
"684",1250,34.5812,21,"Butyl citrate","91.50","333252","77-94-1","C18H32O7"
"685",1248,34.5817,21,"Tributyl acetylcitrate","94.42","340068","77-90-7","C20H34O8"
"686",1254,34.895,22,"1-Octadecanol, methyl ether","98.88","310747","","C19H40O"
"687",1255,34.8959,22,"Behenic alcohol","97.54","310840","661-19-8","C22H46O"
"688",1257,35.1223,22,"(9E,11E)-Octadecadienoic acid","98.91","236402","544-71-8","C18H32O2"
"689",1258,35.1225,22,"Cyclopentaneacetic acid, 2-(hydroxymethyl)-3-methyl-, .delta.-lactone","94.09","349109","105181-38-2","C9H14O2"
"690",1260,35.233,22,"9-Octadecenoic acid, methyl ester, (E)-","98.61","344874","1937-62-8","C19H36O2"
"691",1267,35.5465,20,"2-Methyl-2-(2-oxopropyl)cyclohexanone","87.86"," 28040","","C10H16O2"
"692",1266,35.5508,20,"Cycloheptanone, 3-butyl-","86.40","  9821","","C11H20O"
"693",1272,35.6986,22,"Methyl stearate","96.85","256894","112-61-8","C19H38O2"
"694",1270,35.6998,22,"Methyl stearate","91.55","308848","112-61-8","C19H38O2"
"695",1271,35.7032,22,"2-Pentene, 3-diethylboryl-2-trimethylsilyl-","73.84","248739","79483-02-6","C12H27BSi"
"696",1274,35.7086,22,"2,9-Diazatricyclo[9.4.0.0(3,8)]pentadeca-1(11),3(8),4,6,12,14-hexaen-10-one","93.81","153644","5814-41-5","C13H10N2O"
"697",1277,35.7298,22,"2-Ethylhexyl methyl isophthalate","98.12","243030","2135327-80-7","C17H24O4"
"698",1279,35.8016,22,"10E,12Z-Octadecadienoic acid","98.47","236394","2420-56-6","C18H32O2"
"699",1281,35.8868,22,"9-Octadecenoic acid, (E)-","97.84","345006","112-79-8","C18H34O2"
"700",1283,36.125,21,"Butyl citrate","99.73","333252","77-94-1","C18H32O7"
"701",1284,36.1314,21,"O-Methyl-DL-serine, N-dimethylaminomethylene-, butyl ester","98.64","127939","","C11H22N2O3"
"702",1287,36.3638,21,"1-Propene-1,2,3-tricarboxylic acid, tributyl ester","97.30","319261","7568-58-3","C18H30O6"
"703",1290,36.8752,22,"Butyl citrate","99.40","333252","77-94-1","C18H32O7"
"704",1292,36.8764,21,"O-Methyl-DL-serine, N-dimethylaminomethylene-, butyl ester","98.89","127939","","C11H22N2O3"
"705",1291,36.8788,21,"2-([(Dimethylamino)methylene]amino)-3-(3-chloro-4-butyloxy-phenyl)propanoic acid, butyl ester","98.98","127940","","C20H31ClN2O3"
"706",1297,36.9916,22,"Heptadecane","99.00","346369","629-78-7","C17H36"
"707",1296,36.9923,22,"Heneicosane","98.96","346737","629-94-7","C21H44"
"708",1299,37.0568,22,"5,9,9-Trimethyl-spiro[3.5]non-5-en-1-one","93.46"," 30667","","C12H18O"
"709",1306,37.459,20,"3-t-Butyl-7a-dimethylaminomethyltetrahydr-pyrrolo[1,2-c]oxazol-1-one","97.88","230123","86046-14-2","C13H24N2O2"
"710",1303,37.4682,20,"N,N-Dimethyl-2-isopropoxyethylamine","99.58","230277","71126-59-5","C7H17NO"
"711",1304,37.474,20,"1,2-Ethanediamine, N,N'-diethyl-","99.34","230074","111-74-0","C6H16N2"
"712",1305,37.4868,20,"6-Amino-1-hexanol, N,N-dimethyl-, methyl ether","99.05","230533","","C9H21NO"
"713",1310,38.6777,22,"Glycidyl palmitate","96.72"," 20979","7501-44-2","C19H36O3"
"714",1313,38.7059,22,"Triacontane","97.59","346772","638-68-6","C30H62"
"715",1312,38.707,22,"Triacontane","98.55","346772","638-68-6","C30H62"
"716",1319,39.4329,21,"S-Methyl 3-methylbutanethioate","94.44","346873","23747-45-7","C6H12OS"
"717",1320,39.5047,19,"3-Cyclohexen-1-ol, 3-methyl-","89.35","314828","53783-91-8","C7H12O"
"718",1326,40.3623,22,"Tetracosane","99.46","346432","646-31-1","C24H50"
"719",1327,40.363,22,"Pentacosane","98.89","211058","629-99-2","C25H52"
"720",1329,40.8502,22,"Nonacosanal","98.71","265060","72934-04-4","C29H58O"
"721",1330,40.8973,22,"Acetone, 1-[4-(dimethylaminoethoxy)phenyl]-","98.69","230426","86608-11-9","C13H19NO2"
"722",1331,40.8975,22,"1-(2-Dimethylaminoethyl)-3,3-dimethyldiaziridine","98.33","347263","54731-08-7","C7H17N3"
"723",1334,41.2633,21,"Cyclohexane, 1,3,5-triphenyl-","98.14","278761","28336-57-4","C24H24"
"724",1335,41.265,21,"Cyclohexane, 1,3,5-triphenyl-","94.99","278761","28336-57-4","C24H24"
"725",1339,41.2683,21,"Spiro(1,2,3,4,4a,4b,5,6,7,8,8a,9-dodecahydro-4a-methyl-5-hydroxy-7,7-di(allyl)-phenanthren-8-one)-2,2'-(1',3'-dioxolane)","93.62","293805","115051-23-5","C23H32O4"
"726",1342,41.5298,22,"Butyl citrate","91.44","333252","77-94-1","C18H32O7"
"727",1344,41.5366,22,"1,E-8,Z-10-Pentadecatriene","93.23","235976","80625-32-7","C15H26"
"728",1343,41.543,22,"Methyl 7,11,14-eicosatrienoate","96.31","236361","","C21H36O2"
"729",1345,41.6017,21,"9-Octadecenoic acid (Z)-, oxiranylmethyl ester","98.69","323154","5431-33-4","C21H38O3"
"730",1346,41.6369,21,"Ephedrine, 2TMS derivative","88.86","323420","54965-14-9","C16H31NOSi2"
"731",1350,41.865,21,"Butyl citrate","93.48","333252","77-94-1","C18H32O7"
"732",1351,41.8707,21,"Butyl citrate","92.12","333252","77-94-1","C18H32O7"
"733",1354,41.8968,22,"Bis(2-hydroxypropyl)amine, O,O'-bis(trimethylsilyl)-, N-heptafluorobutyryl- (isomer 1)","97.92"," 21653","","C16H30F7NO3Si2"
"734",1353,41.897,22,"Bis(2-hydroxypropyl)amine, O,O'-bis(trimethylsilyl)-, N-trifluoroacetyl- (isomer 1)","98.11"," 21651","","C14H30F3NO3Si2"
"735",1356,41.9289,22,"1-(5-Deoxypentofuranosyl)-5-fluoropyrimidine-2,4(1H,3H)-dione","88.87"," 21543","","C9H11FN2O5"
"736",1359,41.947,22,"Triacontane","97.20","346772","638-68-6","C30H62"
"737",1358,41.95,22,"Pentacosane","98.67","211058","629-99-2","C25H52"
"738",1357,41.9502,22,"Heneicosane","99.24","346737","629-94-7","C21H44"
"739",1362,41.9793,22,"1-Methyl-2-(1-piperidinyl)ethylamine, TMS derivative","86.10"," 20840","","C11H26N2Si"
"740",1365,42.2129,19,"17-[5-Hydroxy-6-(2-hydroxypropan-2-yl)oxan-3-yl]-4,4,10,13,14-pentamethyl-1,2,5,6,9,11,12,15,16,17-decahydrocyclopenta[a]phenanthren-3-one, 2TMS","98.22"," 47831","","C36H64O4Si2"
"741",1367,42.455,22,"Nonacosanal","97.92","265060","72934-04-4","C29H58O"
"742",1370,42.7502,22,"Ethanone, 1-(9-carbazolyl)-2-(1,2,4-triazol-3-yl)thio-","95.14","104847","348118-45-6","C16H12N4OS"
"743",1369,42.7541,22,"Bis(2-ethylhexyl) phthalate","96.49"," 80425","117-81-7","C24H38O4"
"744",1368,42.7548,22,"Bis(2-ethylhexyl) phthalate","96.87","327475","117-81-7","C24H38O4"
"745",1372,42.7755,22,"Phthalic acid, di(oct-3-yl) ester","91.25"," 80500","","C24H38O4"
"746",1376,42.9843,22,"(2,3-Diphenylcyclopropyl)methyl phenyl sulfoxide, trans-","93.78","279641","131758-71-9","C22H20OS"
"747",1377,42.9864,22,"(2,3-Diphenylcyclopropyl)methyl phenyl sulfoxide, trans-","96.01","279641","131758-71-9","C22H20OS"
"748",1379,43.0498,22,"Tetracosamethyl-cyclododecasiloxane","90.96"," 76710","18919-94-3","C24H72O12Si12"
"749",1383,43.2581,21,"(2,3-Diphenylcyclopropyl)methyl phenyl sulfoxide, trans-","92.06","279641","131758-71-9","C22H20OS"
"750",1387,43.48,22,"Tetracosane","99.53","346432","646-31-1","C24H50"
"751",1390,43.48,22,"Pentadecane, 2,6,10,14-tetramethyl-","96.50","211031","1921-70-6","C19H40"
"752",1389,43.4802,22,"Hexane, 3-ethyl-3-methyl-","94.33","194770","3074-76-8","C9H20"
"753",1393,44.312,22,"Linolool oxide, TMS derivative","97.15"," 47768","","C13H26O2Si"
"754",1395,44.3332,22,"Butane-1,3-diol, 1-methylene-3-methyl-, bis(trimethylsilyl)ether","97.22"," 47854","117201-96-4","C12H28O2Si2"
"755",1394,44.3377,22,"Hydroxycitronellal, trimethylsilyl ether","96.21"," 47779","","C13H28O2Si"
"756",1398,44.4073,22,"Dotriacontane","98.01","346762","544-85-4","C32H66"
"757",1399,44.5382,22,"4,9-Diethyl-2,2,6,11,11-pentamethyl-3,5,8,10-tetraoxa-2,11-disiladodecane (isomer 3)","90.82"," 21662","","C15H36O4Si2"
"758",1404,44.8321,21,"Methyl 7,11,14-eicosatrienoate","89.66","236361","","C21H36O2"
"759",1406,44.9559,22,"Tetracontane","99.39","346738","4181-95-7","C40H82"
"760",1407,44.9561,22,"Pentacosane","99.32","211058","629-99-2","C25H52"
"761",1408,44.9561,22,"Nonane, 2,2,4,4,6,8,8-heptamethyl-","95.34","346143","4390-04-9","C16H34"
"762",1410,45.1402,22,"Tetracosamethyl-cyclododecasiloxane","96.03"," 76710","18919-94-3","C24H72O12Si12"
"763",1411,45.2245,22,"Octadecanoic acid, 2,3-dihydroxypropyl ester","96.81","314988","123-94-4","C21H42O4"
"764",1417,45.693,22,"1,4-Benzenedicarboxylic acid, bis(2-ethylhexyl) ester","94.94","306617","6422-86-2","C24H38O4"
"765",1414,45.6932,22,"1,4-Benzenedicarboxylic acid, bis(2-ethylhexyl) ester","99.14","306617","6422-86-2","C24H38O4"
"766",1415,45.6932,22,"1,4-Benzenedicarboxylic acid, bis(2-ethylhexyl) ester","99.11","306617","6422-86-2","C24H38O4"
"767",1419,45.8525,22,"Dotriacontane","96.92","346762","544-85-4","C32H66"
"768",1420,46.118,22,"13-Docosenamide, (Z)-","98.36","348114","112-84-5","C22H43NO"
"769",1424,46.3784,22,"Dotriacontane","96.94","346762","544-85-4","C32H66"
"770",1425,46.3789,22,"2-Methylhentriacontane","98.16","212164","1720-12-3","C32H66"
"771",1423,46.3793,22,"Tetracosane","99.19","346432","646-31-1","C24H50"
"772",1421,46.3936,22,"3-Methyl-5-nonylpyrrolizidine","98.59"," 36731","","C17H33N"
"773",1427,46.5264,22,"Decanedioic acid, bis(2-ethylhexyl) ester","98.39","333234","122-62-3","C26H50O4"
"774",1432,46.8482,22,"Squalene","99.18","239622","111-02-4","C30H50"
"775",1433,46.8484,22,"Supraene","98.00","306228","7683-64-9","C30H50"
"776",1435,46.8993,22,"1-(2-Hydroxy-4,5-dimethylphenyl)ethanone, TMS derivative","94.68","162191","","C13H20O2Si"
"777",1434,46.9043,22,"1-(2-Hydroxy-4,5-dimethylphenyl)ethanone, TMS derivative","95.57","162191","","C13H20O2Si"
"778",1438,47.2536,22,"Tetracosane","98.41","346432","646-31-1","C24H50"
"779",1443,47.7555,22,"Triacontane","98.99","346772","638-68-6","C30H62"
"780",1441,47.7557,22,"Dotriacontane","99.24","346762","544-85-4","C32H66"
"781",1442,47.7559,22,"Dotriacontane","98.73","346762","544-85-4","C32H66"
"782",1450,48.8905,22,"Dehydroergosterol, O-TMS","90.35","180826","1038587-92-6","C31H50OSi"
"783",1451,48.8914,22,"Dehydroergosterol, O-TMS","90.19","180826","1038587-92-6","C31H50OSi"
"784",1456,49.088,22,"Hexacosane","96.31","346752","630-01-3","C26H54"
"785",1454,49.0882,22,"Tetracontane","99.33","346738","4181-95-7","C40H82"
"786",1455,49.0886,22,"Tetracosane","98.83","346770","646-31-1","C24H50"
"787",1466,50.3784,22,"Dotriacontane","98.87","346762","544-85-4","C32H66"
"788",1465,50.3798,22,"Hexatriacontane","99.11","210975","630-06-8","C36H74"
"789",1470,51.1027,22,"2,6,10,14,18-Pentamethyl-2,6,10,14,18-eicosapentaene","97.98","239616","75581-03-2","C25H42"
"790",1473,51.525,22,"2-Methyl-3-(2-chloro-5-hydroxyphenyl)-4(3H)-quinazolinone","94.19","181033","51837-91-3","C15H11ClN2O2"
"791",1472,51.5257,22,"Ergosta-5,7,9(11),22-tetraen-3-ol, (3.beta.,22E)-","97.26","180825","516-85-8","C28H42O"
"792",1474,51.6259,22,"2,6,10-Dodecatrien-1-ol, 3,7,11-trimethyl-","95.60","306075","4602-84-0","C15H26O"
"793",1475,51.627,22,"trans-Farnesol","96.89","305982","106-28-5","C15H26O"
"794",1476,51.6461,22,"Tetrapentacontane","98.85","346765","5856-66-6","C54H110"
"795",1477,51.6484,22,"Dotriacontane","98.63","346762","544-85-4","C32H66"
"796",1479,51.792,22,"trans-Farnesol","97.62","305982","106-28-5","C15H26O"
"797",1478,51.7934,22,"trans-Farnesol","96.23","305982","106-28-5","C15H26O"
"798",1482,52.2564,22,"Chondrillasterol","94.10","191358","481-17-4","C29H48O"
"799",1484,53.1002,22,"Tetrapentacontane","97.35","346765","5856-66-6","C54H110"
"800",1486,54.1011,22,"Bicyclo[4.2.0]oct-2-ene, 3,7-dimethyl-7-(4-methyl-3-pentenyl)-8-(2,6,10-trimethyl-1,5,9-undecatrienyl)-, [1.alpha.,6.alpha.,7.beta.,8.alpha.(1E,5E)]-","93.35","238174","113681-03-1","C30H48"
"801",1485,54.1014,22,"2,6,10-Dodecatrien-1-ol, 3,7,11-trimethyl-, (Z,E)-","93.64","305985","3790-71-4","C15H26O"
"802",1487,54.9155,22,"3-Hydroxy-6-methoxyflavone","92.88","339824","93176-00-2","C16H12O4"
